"rank","company","country","industry","sales","profits","assets","value","sector"
1,"JPMorgan Chase","United States ","Banking ",115.63,11.65,2031.99,166.19,"Financials"
2,"General Electric","United States ","Conglomerates ",156.78,11.03,781.82,169.65,"Industrials"
3,"Bank of America","United States ","Banking ",150.45,6.28,2223.3,167.63,"Financials"
4,"ExxonMobil","United States ","Oil & Gas Operations ",275.56,19.28,233.32,308.77,"Energy"
5,"ICBC","China ","Banking ",71.86,16.27,1428.46,242.23,"Financials"
6,"Banco Santander","Spain ","Banking ",109.57,12.34,1438.68,107.12,"Financials"
7,"Wells Fargo","United States ","Banking ",98.64,12.28,1243.65,141.69,"Financials"
8,"HSBC Holdings","United Kingdom ","Banking ",103.74,5.83,2355.83,178.27,"Financials"
8,"Royal Dutch Shell","Netherlands ","Oil & Gas Operations ",278.19,12.52,287.64,168.63,"Energy"
10,"BP","United Kingdom ","Oil & Gas Operations ",239.27,16.58,235.45,167.13,"Energy"
11,"BNP Paribas","France ","Banking ",101.06,8.37,2952.22,86.67,"Financials"
12,"PetroChina","China ","Oil & Gas Operations ",157.22,16.8,174.95,333.84,"Energy"
13,"AT&T","United States ","Telecommunications Services ",123.02,12.54,268.75,147.55,"Telecommunication Services"
14,"Wal-Mart Stores","United States ","Retailing ",408.21,14.34,170.71,205.37,"Consumer Discretionary"
15,"Berkshire Hathaway","United States ","Diversified Financials ",112.49,8.06,297.12,190.86,"Financials"
16,"Gazprom","Russia ","Oil & Gas Operations ",115.25,24.33,234.77,132.58,"Energy"
17,"China Construction Bank","China ","Banking ",59.16,13.59,1106.2,184.32,"Financials"
18,"Petrobras-Petróleo Brasil","Brazil ","Oil & Gas Operations ",104.81,16.63,198.26,190.34,"Energy"
19,"Total","France ","Oil & Gas Operations ",160.68,12.1,183.29,131.8,"Energy"
20,"Chevron","United States ","Oil & Gas Operations ",159.29,10.48,164.62,146.23,"Energy"
21,"Barclays","United Kingdom ","Banking ",65.91,15.17,2223.04,56.15,"Financials"
22,"Bank of China","China ","Banking ",52.2,9.45,1016.31,147,"Financials"
23,"Allianz","Germany ","Insurance ",130.06,6.16,834.04,52.74,"Financials"
24,"GDF Suez","France ","Utilities ",114.65,6.42,245.95,83.36,"Utilities"
25,"E.ON","Germany ","Utilities ",117.38,12.05,214.58,68.26,"Utilities"
25,"Goldman Sachs Group","United States ","Diversified Financials ",51.67,13.39,849,84.95,"Financials"
27,"EDF Group","France ","Utilities ",95.17,5.6,342.63,92.23,"Utilities"
28,"AXA Group","France ","Insurance ",145.86,5.17,1016.7,46.02,"Financials"
29,"Lloyds Banking Group","United Kingdom ","Banking ",106.67,4.57,1650.78,50.25,"Financials"
29,"Procter & Gamble","United States ","Household & Personal Products ",76.78,13.05,135.29,184.47,"Consumer Staples"
31,"ENI","Italy ","Oil & Gas Operations ",121.01,6.27,163.52,82.22,"Energy"
32,"Telefónica","Spain ","Telecommunications Services ",79.11,10.84,154.98,108.19,"Telecommunication Services"
33,"IBM","United States ","Software & Services ",95.76,13.43,109.02,167.01,"Information Technology"
34,"UniCredit Group","Italy ","Banking ",92.17,5.59,1438.91,43.95,"Financials"
35,"Hewlett-Packard","United States ","Technology Hardware & Equip ",116.92,8.13,113.62,121.33,"Information Technology"
36,"Nestlé","Switzerland ","Food, Drink & Tobacco ",97.08,10.07,105.16,173.67,"Consumer Staples"
37,"Verizon Communications","United States ","Telecommunications Services ",107.81,3.65,227.25,82.21,"Telecommunication Services"
38,"China Mobile","Hong Kong/China ","Telecommunications Services ",66.22,16.87,104.46,199.73,"Telecommunication Services"
39,"ConocoPhillips","United States ","Oil & Gas Operations ",136.02,4.86,152.59,72.72,"Energy"
40,"Pfizer","United States ","Drugs & Biotechnology ",50.01,8.64,212.95,143.23,"Health Care"
41,"Nippon Telegraph & Tel","Japan ","Telecommunications Services ",106.98,5.53,181.48,68.68,"Telecommunication Services"
42,"ENEL","Italy ","Utilities ",91.87,7.74,221.26,50.92,"Utilities"
43,"Deutsche Bank","Germany ","Banking ",62.98,6.93,2150.6,39.75,"Financials"
44,"Credit Suisse Group","Switzerland ","Diversified Financials ",50.26,6.11,988.91,53.93,"Financials"
45,"Sinopec-China Petroleum","China ","Oil & Gas Operations ",208.47,4.37,110.66,130.06,"Energy"
46,"Vodafone","United Kingdom ","Telecommunications Services ",58.35,4.38,217.97,112.26,"Telecommunication Services"
47,"Johnson & Johnson","United States ","Drugs & Biotechnology ",61.9,12.27,94.68,174.9,"Health Care"
48,"BBVA-Banco Bilbao Vizcaya","Spain ","Banking ",49.27,6.03,760.39,48.2,"Financials"
49,"Microsoft","United States ","Software & Services ",58.69,16.26,82.1,254.52,"Information Technology"
50,"Siemens","Germany ","Conglomerates ",112.23,3.36,133.94,80.07,"Industrials"
51,"Banco Bradesco","Brazil ","Banking ",59.1,4.6,281.4,54.5,"Financials"
52,"Banco do Brasil","Brazil ","Banking ",56.1,5.82,406.46,42.78,"Financials"
53,"Royal Bank of Canada","Canada ","Banking ",35.41,3.58,608.05,78.17,"Financials"
54,"Intesa Sanpaolo","Italy ","Banking ",50.71,3.56,877.66,44.67,"Financials"
55,"Samsung Electronics","South Korea ","Semiconductors ",97.28,4.43,83.3,94.48,"Information Technology"
56,"France Telecom","France ","Telecommunications Services ",65.92,4.3,132.06,62.39,"Telecommunication Services"
57,"Sanofi-aventis","France ","Drugs & Biotechnology ",41.99,7.54,114.85,98.07,"Health Care"
58,"Ford Motor","United States ","Consumer Durables ",118.31,2.72,194.85,41.8,"Consumer Discretionary"
59,"Commonwealth Bank","Australia ","Banking ",31.84,3.81,500.2,75.1,"Financials"
60,"RWE Group","Germany ","Utilities ",66.57,4.98,130.36,47.93,"Utilities"
61,"Novartis","Switzerland ","Drugs & Biotechnology ",44.27,8.4,90.89,126.22,"Health Care"
62,"BHP Billiton","Australia/United Kingdom ","Materials ",50.21,5.88,74.86,192.45,"Materials"
63,"Zurich Financial Services","Switzerland ","Insurance ",70.27,3.22,366.66,34.71,"Financials"
64,"Statoil","Norway ","Oil & Gas Operations ",79.76,3.16,97.09,72.26,"Energy"
65,"Generali Group","Italy ","Insurance ",123.14,1.83,607.37,35.19,"Financials"
66,"Roche Holding","Switzerland ","Drugs & Biotechnology ",47.35,7.51,69.64,146.19,"Health Care"
67,"Westpac Banking Group","Australia ","Banking ",31.19,3.04,519.03,70.99,"Financials"
68,"Rio Tinto","United Kingdom/Australia ","Materials ",41.83,4.87,95.01,118.34,"Materials"
69,"Lukoil","Russia ","Oil & Gas Operations ",86.34,9.14,70.94,45.18,"Energy"
70,"Anheuser-Busch InBev","Belgium ","Food, Drink & Tobacco ",36.76,4.61,111.58,81.48,"Consumer Staples"
71,"GlaxoSmithKline","United Kingdom ","Drugs & Biotechnology ",45.83,8.94,65.38,95.36,"Health Care"
72,"Merck & Co","United States ","Drugs & Biotechnology ",27.43,12.9,112.09,116.11,"Health Care"
73,"Crédit Agricole","France ","Banking ",91.96,1.61,2227.22,34.42,"Financials"
74,"Munich Re","Germany ","Insurance ",59.31,3.67,284.21,30.12,"Financials"
75,"Apple","United States ","Technology Hardware & Equip ",46.71,9.36,53.93,189.51,"Information Technology"
75,"Cisco Systems","United States ","Technology Hardware & Equip ",35.53,6.07,76.4,140.85,"Information Technology"
77,"Rosneft","Russia ","Oil & Gas Operations ",34.7,6.51,83.11,83.19,"Energy"
78,"Mitsubishi Corp","Japan ","Trading Companies ",63.12,3.8,109.74,42.64,"Financials"
79,"National Australia Bank","Australia ","Banking ",32.5,2.29,574.41,48.8,"Financials"
80,"Vale","Brazil ","Materials ",27.82,5.88,100.81,145.14,"Materials"
81,"CVS Caremark","United States ","Retailing ",98.73,3.7,61.64,47.85,"Consumer Discretionary"
82,"Itaúsa","Brazil ","Conglomerates ",66.36,2.25,342.63,28.74,"Industrials"
83,"ANZ Banking","Australia ","Banking ",26.91,2.6,420.52,53.72,"Financials"
84,"Tesco","United Kingdom ","Food Markets ",77.94,3.1,65.61,51.43,"Consumer Staples"
85,"Unilever","Netherlands/United Kingdom ","Food, Drink & Tobacco ",57.05,4.83,52.05,91.33,"Consumer Staples"
86,"Honda Motor","Japan ","Consumer Durables ",102.82,1.41,117.24,63.22,"Consumer Discretionary"
86,"Toronto-Dominion Bank","Canada ","Banking ",23.6,2.9,517.28,55.43,"Financials"
88,"Iberdrola","Spain ","Utilities ",35.15,3.94,125.21,42.16,"Utilities"
89,"Comcast","United States ","Media ",35.76,3.64,112.73,47.76,"Consumer Discretionary"
90,"China Life Insurance","China ","Insurance ",24.01,3.12,153.13,118.75,"Financials"
91,"Bank of Nova Scotia","Canada ","Banking ",23.27,3.29,460.93,47.26,"Financials"
92,"UnitedHealth Group","United States ","Health Care Equipment & Svcs ",87.14,3.82,59.05,39.4,"Health Care"
93,"Sberbank","Russia ","Banking ",23.27,3.2,220.62,57.7,"Financials"
94,"United Technologies","United States ","Conglomerates ",52.92,3.83,55.76,65.28,"Industrials"
95,"Nordea Bank","Sweden ","Banking ",22.81,3.41,729.06,39.42,"Financials"
96,"Bank of Communications","China ","Banking ",19.05,4.17,392.83,57.34,"Financials"
97,"BASF","Germany ","Chemicals ",72.63,2.02,72.06,52.12,"Materials"
98,"Walt Disney","United States ","Media ",36.29,3.31,69.31,61.17,"Consumer Discretionary"
99,"Standard Chartered Group","United Kingdom ","Banking ",20.94,3.38,435.56,46.16,"Financials"
100,"AstraZeneca","United Kingdom ","Drugs & Biotechnology ",32.8,7.52,53.63,63.56,"Health Care"
100,"Intel","United States ","Semiconductors ",35.13,4.37,53.1,115.29,"Information Technology"
102,"Prudential Financial","United States ","Insurance ",32.69,3.12,480.2,24.86,"Financials"
103,"Société Générale Group","France ","Banking ",62.08,0.97,1468.72,41.43,"Financials"
104,"Coca-Cola","United States ","Food, Drink & Tobacco ",30.99,6.82,48.67,122.79,"Consumer Staples"
105,"Abbott Laboratories","United States ","Drugs & Biotechnology ",30.76,5.75,52.42,84.29,"Health Care"
106,"PepsiCo","United States ","Food, Drink & Tobacco ",43.23,5.95,39.85,99.58,"Consumer Staples"
107,"Bayer Group","Germany ","Chemicals ",43.46,1.9,73.15,56.3,"Materials"
108,"Telecom Italia","Italy ","Telecommunications Services ",42,3.08,117.66,27.75,"Telecommunication Services"
109,"Kraft Foods","United States ","Food, Drink & Tobacco ",40.39,3.02,66.71,42.49,"Consumer Staples"
110,"Saudi Basic Industries","Saudi Arabia ","Chemicals ",27.49,2.42,78.98,71.2,"Materials"
111,"Morgan Stanley","United States ","Diversified Financials ",30.07,1.35,771.46,39.41,"Financials"
112,"Manulife Financial","Canada ","Insurance ",38.26,1.35,379.5,32.54,"Financials"
113,"Oracle","United States ","Software & Services ",23.23,5.8,53.83,123.98,"Information Technology"
114,"American Express","United States ","Diversified Financials ",26.73,2.13,124.09,45.63,"Financials"
115,"Repsol-YPF","Spain ","Oil & Gas Operations ",63.9,2.24,80.43,27.71,"Energy"
116,"WellPoint","United States ","Health Care Equipment & Svcs ",65.03,4.75,52.13,27.55,"Health Care"
117,"US Bancorp","United States ","Banking ",19.49,2.21,281.18,46.89,"Financials"
118,"Home Depot","United States ","Retailing ",66.18,2.66,40.88,53.44,"Consumer Discretionary"
119,"Mitsui & Co","Japan ","Trading Companies ",56.85,1.82,84.47,28.81,"Financials"
120,"Boeing","United States ","Aerospace & Defense ",68.28,1.31,62.05,48.45,"Industrials"
120,"Google","United States ","Software & Services ",23.65,6.52,40.5,169.38,"Information Technology"
122,"Aviva","United Kingdom ","Insurance ",95.98,1.75,559.71,15.51,"Financials"
123,"Target","United States ","Retailing ",65.36,2.49,44.53,38.9,"Consumer Discretionary"
124,"Vinci","France ","Construction ",44.52,2.23,75.23,28.11,"Industrials"
125,"News Corp","United States ","Media ",30.93,3.35,56.13,37.93,"Consumer Discretionary"
126,"Reliance Industries","India ","Oil & Gas Operations ",29.4,2.91,48.5,69.36,"Energy"
127,"Travelers Cos","United States ","Insurance ",24.68,3.62,109.56,27.26,"Financials"
128,"Hutchison Whampoa","Hong Kong/China ","Conglomerates ",30.38,2.28,86.04,30.97,"Industrials"
129,"Prudential","United Kingdom ","Insurance ",77.67,1.11,361.5,20.05,"Financials"
130,"State Bank of India Group","India ","Banking ",22.14,2.13,256.79,27.21,"Financials"
131,"América Móvil","Mexico ","Telecommunications Services ",30.22,5.4,34.7,72.09,"Telecommunication Services"
132,"Philip Morris International","United States ","Food, Drink & Tobacco ",25.04,6.34,34.55,92.04,"Consumer Staples"
133,"British Amer Tobacco","United Kingdom ","Food, Drink & Tobacco ",22.95,4.38,42.41,68.27,"Consumer Staples"
134,"Time Warner","United States ","Media ",25.79,2.44,65.73,34.05,"Consumer Discretionary"
135,"Nokia","Finland ","Technology Hardware & Equip ",58.72,1.28,49.11,49.18,"Information Technology"
135,"PNC Financial Services","United States ","Banking ",18.95,2.45,269.86,24.86,"Financials"
137,"Posco","South Korea ","Materials ",33.48,3.51,37.03,39.84,"Materials"
138,"Anglo American","United Kingdom ","Materials ",21.16,2.46,56.8,48.19,"Materials"
139,"United Parcel Service","United States ","Transportation ",45.3,2.15,31.88,58.43,"Industrials"
140,"Vivendi","France ","Media ",37.83,1.16,79.07,31.15,"Consumer Discretionary"
141,"China Merchants Bank","China ","Banking ",12.09,3.09,230,45.65,"Financials"
142,"East Japan Railway","Japan ","Transportation ",27.7,1.92,67.93,27.43,"Industrials"
143,"ABB","Switzerland ","Capital Goods ",31.8,2.9,33.68,46.46,"Industrials"
144,"Deutsche Telekom","Germany ","Telecommunications Services ",90.08,0.49,183.11,56.25,"Telecommunication Services"
145,"China Unicom (HK)","Hong Kong/China ","Telecommunications Services ",21.6,4.92,49.85,29.83,"Telecommunication Services"
146,"Lockheed Martin","United States ","Aerospace & Defense ",45.19,3.02,35.11,29.61,"Industrials"
147,"Canon","Japan ","Business Services & Supplies ",34.53,1.46,41.33,55.8,"Industrials"
148,"Schlumberger","Netherlands ","Oil & Gas Operations ",22.98,3.13,33.47,73.49,"Energy"
149,"Nippon Steel","Japan ","Materials ",48.99,1.59,48.78,25.43,"Materials"
150,"Bank of Montreal","Canada ","Banking ",14.92,1.66,360.62,29.86,"Financials"
151,"CNP Assurances","France ","Insurance ",58.14,1.4,376.12,12.99,"Financials"
152,"L'Oréal Group","France ","Household & Personal Products ",24.36,2.5,33.38,63.05,"Consumer Staples"
153,"McDonald's","United States ","Hotels, Restaurants & Leisure ",22.74,4.55,30.07,69.05,"Consumer Discretionary"
154,"China Shenhua Energy","China ","Materials ",15.72,3.91,40.29,85.42,"Materials"
155,"Oil & Natural Gas","India ","Oil & Gas Operations ",20.21,3.86,35.66,51.82,"Energy"
156,"BG Group","United Kingdom ","Oil & Gas Operations ",16.5,3.5,42.3,58.16,"Energy"
157,"TNK-BP Holding","Russia ","Oil & Gas Operations ",31.6,6.38,31.18,27.73,"Energy"
158,"Lowe's Cos","United States ","Retailing ",47.22,1.78,33.01,34.99,"Consumer Discretionary"
159,"Suncor Energy","Canada ","Oil & Gas Operations ",24.3,1.09,65.17,45.59,"Energy"
160,"JFE Holdings","Japan ","Materials ",40.14,1.99,42.88,22.99,"Materials"
160,"Occidental Petroleum","United States ","Oil & Gas Operations ",15.4,2.92,44.23,65.57,"Energy"
162,"Cnooc","Hong Kong/China ","Oil & Gas Operations ",18.27,6.44,30.33,70.65,"Energy"
163,"Walgreen","United States ","Retailing ",64.75,2.09,26.55,34.89,"Consumer Discretionary"
164,"Honeywell International","United States ","Conglomerates ",30.91,2.15,36,31.02,"Industrials"
165,"Caterpillar","United States ","Capital Goods ",32.4,0.9,60.04,36.14,"Industrials"
166,"Amgen","United States ","Drugs & Biotechnology ",14.64,4.61,39.63,55.72,"Health Care"
167,"Bristol-Myers Squibb","United States ","Drugs & Biotechnology ",18.81,10.61,31.01,41.81,"Health Care"
168,"Marathon Oil","United States ","Oil & Gas Operations ",48.45,1.46,47.05,20.64,"Energy"
169,"3M","United States ","Conglomerates ",23.12,3.19,27.25,57.35,"Industrials"
170,"Canadian Imperial Bank","Canada ","Banking ",13.2,1.58,316.51,26.19,"Financials"
171,"Dexia","Belgium ","Banking ",98.01,1.45,828.74,9.38,"Financials"
172,"KDDI","Japan ","Telecommunications Services ",35.92,2.29,33.59,24.38,"Telecommunication Services"
173,"Surgutneftegas","Russia ","Oil & Gas Operations ",18.88,4.8,37.9,29.95,"Energy"
174,"Sumitomo","Japan ","Trading Companies ",36.06,2.21,70.69,13.57,"Financials"
175,"Exelon","United States ","Utilities ",17.32,2.71,49.18,29.34,"Utilities"
176,"Hon Hai Precision Ind","Taiwan ","Technology Hardware & Equip ",59.29,1.68,26.77,34.97,"Information Technology"
177,"Standard Bank Group","South Africa ","Banking ",16.57,1.55,162.52,22.08,"Financials"
178,"Bouygues","France ","Construction ",43.72,1.84,49.52,16.32,"Industrials"
179,"EI du Pont de Nemours","United States ","Chemicals ",27.33,1.76,38.19,30.76,"Materials"
180,"Altria Group","United States ","Food, Drink & Tobacco ",16.82,3.21,36.68,42.17,"Consumer Staples"
181,"General Dynamics","United States ","Aerospace & Defense ",31.98,2.39,31.08,28.51,"Industrials"
182,"Danone","France ","Food, Drink & Tobacco ",21.46,2.02,36.46,37.81,"Consumer Staples"
183,"Dell","United States ","Technology Hardware & Equip ",52.9,1.43,33.65,26.55,"Information Technology"
184,"Aflac","United States ","Insurance ",18.25,1.5,84.11,23.47,"Financials"
185,"Eli Lilly & Co","United States ","Drugs & Biotechnology ",21.84,4.33,27.46,39.58,"Health Care"
186,"National Grid","United Kingdom ","Utilities ",22.22,1.34,63.54,24.24,"Utilities"
187,"Shinhan Financial","South Korea ","Banking ",17.16,1.62,208.99,16.95,"Financials"
188,"Hyundai Motor","South Korea ","Consumer Durables ",63.95,0.69,81.45,21.84,"Consumer Discretionary"
189,"Dow Chemical","United States ","Chemicals ",44.88,0.65,65.94,33,"Materials"
190,"Telstra","Australia ","Telecommunications Services ",20.48,3.29,32.3,32.89,"Telecommunication Services"
191,"Japan Tobacco","Japan ","Food, Drink & Tobacco ",28.78,1.27,37.98,36.3,"Consumer Staples"
192,"Carrefour Group","France ","Food Markets ",125.36,0.47,73.96,33.37,"Consumer Staples"
193,"Deutsche Post DHL","Germany ","Transportation ",66.29,0.92,49.84,19.69,"Industrials"
194,"Imperial Tobacco Group","United Kingdom ","Food, Drink & Tobacco ",23.6,1.06,50.82,31.94,"Consumer Staples"
195,"Allstate","United States ","Insurance ",32.01,0.85,132.65,16.94,"Financials"
196,"PTT Public Company","Thailand ","Oil & Gas Operations ",47.58,1.79,32.8,19.88,"Energy"
197,"BMW Group","Germany ","Consumer Durables ",74.09,0.45,139.31,26.83,"Consumer Discretionary"
198,"China Citic Bank","China ","Banking ",9.33,1.96,173.84,36.64,"Financials"
199,"Wesfarmers","Australia ","Conglomerates ",40.87,1.24,31.15,29.49,"Industrials"
200,"DnB NOR","Norway ","Diversified Financials ",13.06,1.48,315.61,18.37,"Financials"
201,"ACE","Switzerland ","Insurance ",15.08,2.55,77.98,16.97,"Financials"
202,"Xstrata","Switzerland ","Materials ",22.73,0.66,63.61,46.87,"Materials"
203,"Erste Bank","Austria ","Banking ",20.27,1.2,278.9,14.07,"Financials"
203,"Gas Natural Group","Spain ","Utilities ",20.75,1.67,64.99,16.89,"Utilities"
205,"Royal KPN","Netherlands ","Telecommunications Services ",19.27,3.12,32.59,25.97,"Telecommunication Services"
206,"Southern Co","United States ","Utilities ",15.74,1.71,52.05,26.3,"Utilities"
207,"Veolia Environnement","France ","Utilities ",49.5,0.84,69.15,16.2,"Utilities"
208,"TeliaSonera","Sweden ","Telecommunications Services ",15.24,2.63,36.2,31.3,"Telecommunication Services"
209,"Teva Pharmaceutical Inds","Israel ","Drugs & Biotechnology ",14.36,2.07,33.21,56.19,"Health Care"
210,"Seven & I Holdings","Japan ","Food Markets ",57.74,0.94,37.86,20.2,"Consumer Staples"
211,"Union Pacific","United States ","Transportation ",14.14,1.9,42.41,34.21,"Industrials"
212,"Archer Daniels","United States ","Food, Drink & Tobacco ",62.21,1.14,33.53,19.06,"Consumer Staples"
213,"Holcim","Switzerland ","Construction ",20.4,1.42,47.2,21.77,"Industrials"
214,"Itochu","Japan ","Trading Companies ",35.11,1.7,51.19,12.77,"Financials"
215,"Diageo","United Kingdom ","Food, Drink & Tobacco ",15.34,2.67,28.69,40.93,"Consumer Staples"
216,"Northrop Grumman","United States ","Aerospace & Defense ",33.76,1.69,30.25,19.08,"Industrials"
217,"Centrica","United Kingdom ","Utilities ",34.39,1.32,31.39,21.68,"Utilities"
218,"ACS Group","Spain ","Construction ",21.76,2.72,45.51,14.14,"Industrials"
219,"Costco Wholesale","United States ","Retailing ",74.23,1.15,23.37,27.08,"Consumer Discretionary"
220,"SABMiller","United Kingdom ","Food, Drink & Tobacco ",14.88,1.88,31.46,42.45,"Consumer Staples"
221,"Lafarge","France ","Construction ",22.76,1.05,56.2,18.57,"Industrials"
222,"Ecopetrol","Colombia ","Oil & Gas Operations ",14.26,2.4,27.2,54.14,"Energy"
223,"Christian Dior","France ","Household & Personal Products ",24.98,1.11,48.53,18.22,"Consumer Staples"
224,"Shanghai Pudong Dev Bk","China ","Banking ",8.7,1.84,191.5,26.83,"Financials"
225,"Jardine Matheson","Hong Kong/China ","Conglomerates ",22.5,1.6,39.13,18.25,"Industrials"
225,"Takeda Pharmaceutical","Japan ","Drugs & Biotechnology ",15.8,2.41,27.83,35.47,"Health Care"
227,"Schneider Electric","France ","Capital Goods ",22.02,1.19,34.61,28.05,"Industrials"
228,"Medtronic","United States ","Health Care Equipment & Svcs ",15.45,2.27,25.17,48.52,"Health Care"
229,"McKesson","United States ","Drugs & Biotechnology ",108.28,1.2,27.54,16.27,"Health Care"
230,"Wilmar International","Singapore ","Food, Drink & Tobacco ",23.89,1.88,23.36,30.31,"Consumer Staples"
231,"State Street","United States ","Diversified Financials ",9.36,1.8,157.95,22.28,"Financials"
232,"Capital One Financial","United States ","Diversified Financials ",15.95,0.88,169.65,17.02,"Financials"
233,"FPL Group","United States ","Utilities ",15.65,1.62,48.44,19.58,"Utilities"
234,"Deere & Co","United States ","Capital Goods ",22.8,0.91,40.78,24.63,"Industrials"
235,"Eletrobrás","Brazil ","Utilities ",13.11,2.68,58,15.95,"Utilities"
236,"Sun Life Financial","Canada ","Insurance ",26.3,0.59,192.1,16.24,"Financials"
237,"Air Liquide","France ","Chemicals ",17.16,1.76,28.15,31.49,"Materials"
238,"Carnival","Panama/United Kingdom ","Hotels, Restaurants & Leisure ",13.16,1.79,36.84,30.09,"Consumer Discretionary"
239,"BCE","Canada ","Telecommunications Services ",16.92,1.66,36.29,21.99,"Telecommunication Services"
240,"Freeport Copper","United States ","Materials ",15.04,2.75,25.87,32.87,"Materials"
241,"Royal Philips Electronics","Netherlands ","Conglomerates ",33.22,0.59,42.02,29.36,"Industrials"
242,"Swiss Re Group","Switzerland ","Insurance ",30.71,0.49,221.5,16.44,"Financials"
243,"Transocean","Switzerland ","Oil & Gas Operations ",11.56,3.18,36.44,25.81,"Energy"
244,"Alstom","France ","Conglomerates ",24.66,1.46,30.85,18.63,"Industrials"
245,"Industrial Bank China","China ","Banking ",8.29,1.67,149.33,26.02,"Financials"
246,"Raytheon","United States ","Aerospace & Defense ",24.88,1.94,23.61,21.53,"Industrials"
247,"Power Corp of Canada","Canada ","Diversified Financials ",31.62,0.65,136.41,12.96,"Financials"
248,"Banca MPS","Italy ","Banking ",16.93,1.52,292.22,9.85,"Financials"
249,"Metro AG","Germany ","Food Markets ",94.65,0.56,45.57,16.82,"Consumer Staples"
250,"Dominion Resources","United States ","Utilities ",15.13,1.29,42.55,22.87,"Utilities"
251,"Chubb","United States ","Insurance ",13.02,2.18,50.45,16.77,"Financials"
252,"Aetna","United States ","Health Care Equipment & Svcs ",34.76,1.28,38.14,13.14,"Health Care"
253,"Medco Health","United States ","Health Care Equipment & Svcs ",59.8,1.28,17.92,29.68,"Health Care"
254,"Emerson Electric","United States ","Conglomerates ",20.51,1.69,21.49,35.64,"Industrials"
255,"National Bank of Greece","Greece ","Banking ",12.42,2.15,140.48,11.78,"Financials"
256,"QBE Insurance Group","Australia ","Insurance ",14.94,1.77,36.66,19.74,"Financials"
257,"Legal & General Group","United Kingdom ","Insurance ",70.71,1.39,479.64,6.41,"Financials"
258,"Qualcomm","United States ","Technology Hardware & Equip ",10.57,2.09,28.9,59.76,"Information Technology"
259,"EDP-Energias de Portugal","Portugal ","Utilities ",19.35,1.52,48.89,13.34,"Utilities"
260,"Nintendo","Japan ","Technology Hardware & Equip ",18.88,2.87,18.03,39.34,"Information Technology"
261,"Saudi Telecommunications","Saudi Arabia ","Telecommunications Services ",13.54,2.9,29.07,23.47,"Telecommunication Services"
262,"Central Japan Railway","Japan ","Transportation ",16.13,1.29,51.03,16.07,"Industrials"
263,"SAP","Germany ","Software & Services ",15.29,2.56,18.73,55.27,"Information Technology"
264,"Baoshan Iron & Steel","China ","Materials ",29.39,0.95,29.35,21.04,"Materials"
265,"China Minsheng Banking","China ","Banking ",8.96,1.16,154.37,24.09,"Financials"
266,"Duke Energy","United States ","Utilities ",12.73,1.08,57.04,21.59,"Utilities"
267,"Svenska Handelsbanken","Sweden ","Banking ",8.81,1.43,297.27,17.2,"Financials"
268,"PPR","France ","Retailing ",23.71,1.41,34.3,14.67,"Consumer Discretionary"
269,"Marubeni","Japan ","Trading Companies ",41.1,1.14,46.47,10.36,"Financials"
270,"Resona Holdings","Japan ","Banking ",9.83,1.27,400.47,14.73,"Financials"
271,"Time Warner Cable","United States ","Media ",17.87,1.07,43.69,16.63,"Consumer Discretionary"
272,"BB&T","United States ","Banking ",10.82,0.85,165.76,19.2,"Financials"
273,"Telenor","Norway ","Telecommunications Services ",16.85,1.55,28.49,21.42,"Telecommunication Services"
274,"Türkiye Garanti Bankasi","Turkey ","Banking ",9.75,2.06,77.02,16.06,"Financials"
275,"Canadian Natural Res","Canada ","Oil & Gas Operations ",9.67,1.51,39.13,37.24,"Energy"
276,"Ericsson","Sweden ","Technology Hardware & Equip ",28.83,0.51,35.78,32.55,"Information Technology"
277,"Mapfre","Spain ","Insurance ",22.82,1.33,57.26,10.5,"Financials"
278,"Hyundai Heavy Industries","South Korea ","Capital Goods ",22.04,1.81,30.36,13.53,"Industrials"
279,"EnCana","Canada ","Oil & Gas Operations ",11.11,1.86,33.83,25.35,"Energy"
280,"American Electric","United States ","Utilities ",13.5,1.36,48.35,16.21,"Utilities"
281,"EnBW-Energie Baden","Germany ","Utilities ",22.3,1.1,45.73,12.35,"Utilities"
282,"Icici Bank","India ","Banking ",12.58,0.7,94.64,21.07,"Financials"
283,"Rolls-Royce Group","United Kingdom ","Aerospace & Defense ",16.82,3.59,24.32,15.57,"Industrials"
284,"EMC","United States ","Technology Hardware & Equip ",14.03,1.09,26.81,36.44,"Information Technology"
285,"Hess","United States ","Oil & Gas Operations ",29.57,0.74,29.47,19.63,"Energy"
285,"Kimberly-Clark","United States ","Household & Personal Products ",19.12,1.88,19.21,25.29,"Consumer Staples"
287,"Softbank","Japan ","Telecommunications Services ",27.45,0.44,42.81,27.9,"Telecommunication Services"
288,"Türkiye Is Bankasi","Turkey ","Banking ",10.97,1.61,86.34,12.6,"Financials"
289,"XTO Energy","United States ","Oil & Gas Operations ",9.06,2.02,36.26,26.77,"Energy"
290,"Danske Bank Group","Denmark ","Banking ",30.41,0.33,597.03,15.75,"Financials"
291,"Visa","United States ","Diversified Financials ",7.13,2.54,31.72,73.12,"Financials"
292,"Woolworths","Australia ","Food Markets ",40.03,1.48,13.42,30.7,"Consumer Staples"
293,"PG&E","United States ","Utilities ",13.4,1.23,42.95,15.61,"Utilities"
294,"Best Buy","United States ","Retailing ",47.87,1.11,21.1,15.38,"Consumer Discretionary"
295,"Thomson Reuters","Canada ","Media ",12.95,0.84,34.57,29.1,"Consumer Discretionary"
296,"HeidelbergCement","Germany ","Construction ",19.76,2.52,36.36,9.56,"Industrials"
297,"CCCC-China Communications Construction","China ","Construction ",26.26,0.89,31.69,14.03,"Industrials"
298,"LG Corp","South Korea ","Conglomerates ",72.36,0.73,50.92,9.07,"Industrials"
298,"Linde","Germany ","Chemicals ",16.09,0.85,34.98,19.2,"Materials"
298,"Sasol","South Africa ","Oil & Gas Operations ",17.84,1.77,18.73,23.85,"Energy"
301,"CRH","Ireland ","Construction ",24.23,0.83,29.47,15.89,"Industrials"
302,"Ahold","Netherlands ","Food Markets ",35.82,1.5,18.4,14.68,"Consumer Staples"
303,"Directv","United States ","Media ",21.57,0.94,18.26,32.73,"Consumer Discretionary"
304,"Husky Energy","Canada ","Oil & Gas Operations ",14.38,1.31,25.08,21.92,"Energy"
305,"FirstRand","South Africa ","Banking ",10.93,0.9,104.61,13.67,"Financials"
306,"DBS Group","Singapore ","Banking ",5.88,1.45,184.12,23.01,"Financials"
307,"Saint-Gobain","France ","Construction ",52.69,0.28,60.55,24.02,"Industrials"
308,"Baxter International","United States ","Health Care Equipment & Svcs ",12.56,2.21,17.35,34.51,"Health Care"
309,"Carso Global Telecom","Mexico ","Telecommunications Services ",16.04,1.23,27.85,15.65,"Telecommunication Services"
310,"Johnson Controls","United States ","Consumer Durables ",29.57,0.62,23.81,21.41,"Consumer Discretionary"
310,"Singapore Telecom","Singapore ","Telecommunications Services ",9.81,2.27,21.34,34.66,"Telecommunication Services"
312,"TransCanada","Canada ","Utilities ",8.55,1.34,41.82,22.84,"Utilities"
313,"Indian Oil","India ","Oil & Gas Operations ",47.53,0.51,28.45,16.74,"Energy"
313,"Severstal","Russia ","Materials ",22.39,2.03,22.48,11.76,"Materials"
315,"Amazon.com","United States ","Retailing ",24.51,0.9,13.81,55.36,"Consumer Discretionary"
315,"CEZ","Czech Republic ","Utilities ",9.44,2.42,24.46,24.65,"Utilities"
317,"General Mills","United States ","Food, Drink & Tobacco ",14.78,1.63,18.56,23.87,"Consumer Staples"
318,"China Railway Construction","China ","Construction ",32.21,0.53,31.86,15.75,"Industrials"
319,"Loews","United States ","Insurance ",14.12,0.56,74.07,15.64,"Financials"
319,"Pernod Ricard","France ","Food, Drink & Tobacco ",10.1,1.33,33.33,20.4,"Consumer Staples"
321,"Koç Holding","Turkey ","Conglomerates ",36.34,1.32,41.8,7.45,"Industrials"
322,"Cigna","United States ","Health Care Equipment & Svcs ",18.41,1.3,43.01,9.51,"Health Care"
323,"CIC Group","France ","Banking ",21.5,1.12,351.15,6.4,"Financials"
324,"Evraz Group","Luxembourg ","Materials ",20.38,1.87,19.45,14.4,"Materials"
324,"Mitsui Fudosan","Japan ","Diversified Financials ",14.57,0.86,37.87,14.84,"Financials"
326,"Cardinal Health","United States ","Drugs & Biotechnology ",101.66,0.78,20.82,12.68,"Health Care"
327,"Pub Svc Enterprise","United States ","Utilities ",12.41,1.59,28.73,15.4,"Utilities"
328,"Henkel Group","Germany ","Household & Personal Products ",18.93,0.84,22.67,21.03,"Consumer Staples"
329,"China Cosco Holdings","China ","Transportation ",19.21,1.71,16.95,17.85,"Industrials"
329,"Enbridge","Canada ","Oil & Gas Operations ",11.89,1.49,26.87,17.07,"Energy"
331,"Viacom","United States ","Media ",13.62,1.61,21.9,18.01,"Consumer Discretionary"
332,"Taiwan Semiconductor","Taiwan ","Semiconductors ",8.65,2.7,18.05,48.22,"Information Technology"
333,"NIKE","United States ","Household & Personal Products ",18.36,1.47,13.36,33.63,"Consumer Staples"
334,"Tokio Marine Holdings","Japan ","Insurance ",32.45,0.24,152.15,22.29,"Financials"
334,"Woori Finance Holdings","South Korea ","Banking ",51.01,0.36,230.52,9.07,"Financials"
336,"Entergy","United States ","Utilities ",10.75,1.25,37.36,14.71,"Utilities"
337,"Aegon","Netherlands ","Insurance ",42.68,0.29,428.46,11.04,"Financials"
338,"OMV Group","Austria ","Oil & Gas Operations ",25.67,0.82,30.47,11.05,"Energy"
339,"Accenture","Ireland ","Software & Services ",22.45,1.55,12.18,28.62,"Information Technology"
340,"Reckitt Benckiser Group","United Kingdom ","Household & Personal Products ",12.53,2.29,13.79,37.64,"Consumer Staples"
341,"NTPC","India ","Utilities ",8.62,1.58,22.59,36.3,"Utilities"
342,"Monsanto","United States ","Chemicals ",10.77,1.53,17.61,38.87,"Materials"
343,"Akbank","Turkey ","Banking ",8.06,1.16,60.23,15.75,"Financials"
344,"Sumitomo Metal Inds","Japan ","Materials ",18.94,1,24.4,13.28,"Materials"
345,"Tata Steel","India ","Materials ",28.69,0.96,23.95,11.04,"Materials"
346,"Criteria Caixa","Spain ","Diversified Financials ",6.53,1.84,70.37,15.28,"Financials"
346,"National Oilwell Varco","United States ","Oil & Gas Operations ",12.71,1.47,21.53,18.27,"Energy"
348,"Colgate-Palmolive","United States ","Household & Personal Products ",15.33,2.29,11.13,41.37,"Consumer Staples"
349,"Automatic Data","United States ","Business Services & Supplies ",8.79,1.36,29.6,21.19,"Industrials"
349,"MTN Group","South Africa ","Telecommunications Services ",10.96,1.64,18.33,27.31,"Telecommunication Services"
351,"Komatsu","Japan ","Capital Goods ",20.76,0.81,19.57,19.36,"Industrials"
352,"Swisscom","Switzerland ","Telecommunications Services ",11.58,1.86,21.2,17.74,"Telecommunication Services"
353,"Citigroup","United States ","Banking ",108.07,-1.61,1856.65,96.54,"Financials"
353,"Fortum","Finland ","Utilities ",7.79,1.88,28.4,22.79,"Utilities"
355,"Halliburton","United States ","Oil & Gas Operations ",14.68,1.15,16.54,27.83,"Energy"
356,"Ebay","United States ","Retailing ",8.73,2.39,18.41,31.02,"Consumer Discretionary"
357,"China State Construction","China ","Construction ",29.56,0.4,29.81,19.16,"Industrials"
358,"Areva","France ","Materials ",12.22,0.79,32.95,16.58,"Materials"
359,"Banco Popular Español","Spain ","Banking ",10,1.1,185.5,8.75,"Financials"
360,"Toyota Motor","Japan ","Consumer Durables ",210.84,-4.49,292.73,127.1,"Consumer Discretionary"
361,"FirstEnergy","United States ","Utilities ",12.97,1.01,34.3,11.91,"Utilities"
362,"Shin-Etsu Chemical","Japan ","Chemicals ",12.33,1.59,16.71,23.08,"Materials"
363,"KB Financial Group","South Korea ","Banking ",8.82,0.49,212.4,16.24,"Financials"
364,"Teck Resources","Canada ","Materials ",7.32,1.75,28.5,22.48,"Materials"
365,"Consolidated Edison","United States ","Utilities ",13.03,0.88,33.87,12.15,"Utilities"
366,"Danaher","United States ","Conglomerates ",11.18,1.15,19.6,24.37,"Industrials"
367,"Fresenius","Germany ","Health Care Equipment & Svcs ",20.29,0.71,29.96,11.63,"Health Care"
368,"Raiffeisen International Bank-Holding","Austria ","Banking ",11.8,1.37,118.58,7,"Financials"
369,"Mitsubishi UFJ Financial","Japan ","Banking ",57.53,-2.64,1999.58,72.17,"Financials"
370,"CSX","United States ","Transportation ",9.04,1.15,27.04,18.85,"Industrials"
371,"Emirates Telecommunications","United Arab Emirates ","Telecommunications Services ",8.39,2.41,19.4,23.29,"Telecommunication Services"
372,"Kirin Holdings","Japan ","Food, Drink & Tobacco ",20.44,0.53,30.1,13.67,"Consumer Staples"
373,"ING Group","Netherlands ","Insurance ",167.49,-1.3,1667.62,35.46,"Financials"
374,"Edison International","United States ","Utilities ",12.36,0.85,41.44,10.86,"Utilities"
375,"Syngenta","Switzerland ","Chemicals ",11.47,1.43,16.07,24.33,"Materials"
375,"United Overseas Bank","Singapore ","Banking ",4.75,1.31,132.1,19.92,"Financials"
377,"Canadian National","Canada ","Transportation ",7.03,1.77,24.01,25.32,"Industrials"
378,"WPP","United Kingdom ","Media ",14.02,0.71,35.98,11.64,"Consumer Discretionary"
379,"Express Scripts","United States ","Health Care Equipment & Svcs ",24.75,0.83,11.93,26.55,"Health Care"
380,"Macquarie Group","Australia ","Diversified Financials ",8.43,0.59,102.8,13.85,"Financials"
381,"Illinois Tool Works","United States ","Capital Goods ",13.88,0.95,16.08,23.16,"Industrials"
382,"AMP","Australia ","Diversified Financials ",9.82,0.66,80.2,11.01,"Financials"
383,"Heineken Holding","Netherlands ","Food, Drink & Tobacco ",21.06,0.73,28.15,10.27,"Consumer Staples"
384,"Research In Motion","Canada ","Technology Hardware & Equip ",14.34,2.27,9.7,39.09,"Information Technology"
385,"Brookfield Asset Mgmt","Canada ","Diversified Financials ",12.08,0.45,59.37,13.64,"Financials"
385,"Royal Bank of Scotland","United Kingdom ","Banking ",95.02,-5.82,2727.94,30.9,"Financials"
387,"Fifth Third Bancorp","United States ","Banking ",9.45,0.74,113.38,9.73,"Financials"
388,"Daimler","Germany ","Consumer Durables ",110.06,-3.69,184.49,45.07,"Consumer Discretionary"
389,"Mitsubishi Estate","Japan ","Diversified Financials ",9.68,0.47,44.8,21.97,"Financials"
390,"Novolipetsk Steel","Russia ","Materials ",11.7,2.28,14.06,18.99,"Materials"
391,"Oversea-Chinese Banking","Singapore ","Banking ",4.5,1.4,138.35,19.59,"Financials"
392,"UBS","Switzerland ","Diversified Financials ",43.22,-2.64,1288.19,48.58,"Financials"
393,"International Paper","United States ","Materials ",23.37,0.66,25.55,10.55,"Materials"
394,"Inpex","Japan ","Oil & Gas Operations ",11.05,1.49,17.64,17.2,"Energy"
394,"Waste Management","United States ","Business Services & Supplies ",11.79,0.99,21.15,16.18,"Industrials"
396,"Rogers Communications","Canada ","Telecommunications Services ",11.19,1.41,16.23,20.01,"Telecommunication Services"
397,"Finmeccanica","Italy ","Aerospace & Defense ",20.94,0.8,40.69,7.49,"Industrials"
398,"Newmont Mining","United States ","Materials ",7.71,1.3,22.3,24.69,"Materials"
399,"MCC","China ","Construction ",23.18,0.47,24.76,13.59,"Industrials"
399,"Norfolk Southern","United States ","Transportation ",7.97,1.03,27.37,19.46,"Industrials"
399,"Staples","United States ","Retailing ",24.28,0.74,13.72,18.72,"Consumer Discretionary"
402,"Covidien","Ireland ","Health Care Equipment & Svcs ",10.86,0.93,17.35,24.78,"Health Care"
402,"Sysco","United States ","Food Markets ",35.78,1.14,10.28,17.17,"Consumer Staples"
404,"Sumitomo Mitsui Financial","Japan ","Banking ",36.14,-3.84,1202.59,45.82,"Financials"
405,"ArcelorMittal","Luxembourg ","Materials ",65.11,0.12,127.7,59.75,"Materials"
406,"Constellation Energy","United States ","Utilities ",15.6,4.44,23.54,7.11,"Utilities"
407,"Thermo Fisher","United States ","Health Care Equipment & Svcs ",10.11,0.85,21.6,19.86,"Health Care"
408,"BOC Hong Kong","Hong Kong/China ","Banking ",6.51,0.43,148.01,24.24,"Financials"
409,"Sampo","Finland ","Insurance ",8.04,0.92,37.41,13.69,"Financials"
410,"Inditex","Spain ","Retailing ",13.36,1.61,9.71,37.23,"Consumer Discretionary"
411,"Progressive","United States ","Insurance ",14.56,1.06,20.05,11.62,"Financials"
412,"George Weston","Canada ","Food Markets ",30.35,0.99,19.21,8.52,"Consumer Staples"
413,"Ameriprise Financial","United States ","Diversified Financials ",7.95,0.72,113.77,10.29,"Financials"
414,"Sabanci Group","Turkey ","Conglomerates ",12.93,0.78,65.24,7.33,"Industrials"
415,"Kohl's","United States ","Retailing ",17.18,0.99,13.16,16.54,"Consumer Discretionary"
416,"Bombardier","Canada ","Aerospace & Defense ",19.44,0.81,22.12,9.68,"Industrials"
417,"Texas Instruments","United States ","Semiconductors ",10.43,1.47,12.12,30.59,"Information Technology"
418,"Safran","France ","Aerospace & Defense ",14.72,0.89,26.04,9.32,"Industrials"
419,"Sun Hung Kai Properties","Hong Kong/China ","Diversified Financials ",4.42,1.34,39.98,36.2,"Financials"
419,"Tokyo Electric Power","Japan ","Utilities ",60.47,-0.87,132.79,37.17,"Utilities"
421,"Sony","Japan ","Technology Hardware & Equip ",79.39,-1.02,118,34.33,"Information Technology"
422,"Mizuho Financial","Japan ","Banking ",34.68,-6.05,1538.94,30.37,"Financials"
422,"Novo Nordisk","Denmark ","Drugs & Biotechnology ",9.83,2.07,10.27,44.65,"Health Care"
424,"Nissan Motor","Japan ","Consumer Durables ",86.65,-2.4,102.52,35.65,"Consumer Discretionary"
425,"MetLife","United States ","Insurance ",41.06,-2.25,539.31,29.93,"Financials"
426,"Coca-Cola Enterprises","United States ","Food, Drink & Tobacco ",21.65,0.73,16.42,12.59,"Consumer Staples"
427,"H&M Hennes & Mauritz","Sweden ","Retailing ",14.54,2.35,7.6,50.24,"Consumer Discretionary"
428,"Mitsubishi Heavy Inds","Japan ","Capital Goods ",34.67,0.25,45.73,12.53,"Industrials"
429,"Formosa Petrochemical","Taiwan ","Oil & Gas Operations ",26.67,0.46,13.03,24.16,"Energy"
430,"Corning","United States ","Technology Hardware & Equip ",5.4,2.01,21.3,27.7,"Information Technology"
431,"Standard Life","United Kingdom ","Insurance ",28.15,0.34,236.74,6.45,"Financials"
432,"Femsa","Mexico ","Food, Drink & Tobacco ",15.08,0.76,16.07,14.84,"Consumer Staples"
433,"Sempra Energy","United States ","Utilities ",8.11,1.13,28.51,12.15,"Utilities"
434,"Progress Energy","United States ","Utilities ",9.89,0.76,31.24,11.03,"Utilities"
435,"Carlsberg","Denmark ","Food, Drink & Tobacco ",11.42,0.69,25.94,11.85,"Consumer Staples"
436,"Astellas Pharma","Japan ","Drugs & Biotechnology ",9.92,1.76,13.18,17.81,"Health Care"
437,"Praxair","United States ","Chemicals ",8.96,1.25,14.32,23.3,"Materials"
437,"VTB Bank","Russia ","Banking ",11.28,0.22,125.85,26.43,"Financials"
439,"Xerox","United States ","Business Services & Supplies ",15.18,0.49,24.03,12.99,"Industrials"
440,"Merck","Germany ","Drugs & Biotechnology ",11.1,0.52,23.2,17.43,"Health Care"
441,"Compass Group","United Kingdom ","Business Services & Supplies ",21.51,0.94,11.74,13.94,"Industrials"
442,"Cenovus Energy","Canada ","Oil & Gas Operations ",10.14,0.65,20.55,18.42,"Energy"
443,"Akzo Nobel","Netherlands ","Chemicals ",19.9,0.41,25.95,11.86,"Materials"
444,"Panasonic","Japan ","Technology Hardware & Equip ",79.75,-3.89,59.29,34.54,"Information Technology"
445,"Zain Group","Kuwait ","Telecommunications Services ",7.34,1.18,19.44,19.1,"Telecommunication Services"
446,"Kellogg","United States ","Food, Drink & Tobacco ",12.58,1.21,11.2,19.79,"Consumer Staples"
447,"Mitsui OSK Lines","Japan ","Transportation ",19.16,1.3,18.24,7.73,"Industrials"
448,"Tenaris","Luxembourg ","Oil & Gas Operations ",8.15,1.16,15.1,25.14,"Energy"
449,"Charles Schwab","United States ","Diversified Financials ",4.41,0.79,75.4,21.76,"Financials"
450,"AES","United States ","Utilities ",14.12,0.66,39.54,7.47,"Utilities"
451,"Unum Group","United States ","Insurance ",10.09,0.85,54.51,7.07,"Financials"
452,"SCA-Svenska Cellulosa","Sweden ","Household & Personal Products ",15.48,0.67,20.99,10.52,"Consumer Staples"
453,"Mxller-Maersk","Denmark ","Transportation ",48.7,-1.32,66.49,33.77,"Industrials"
454,"Origin Energy","Australia ","Utilities ",6.49,5.6,17.78,13.42,"Utilities"
455,"Principal Financial","United States ","Diversified Financials ",8.85,0.62,137.76,7.4,"Financials"
456,"Humana","United States ","Health Care Equipment & Svcs ",30.96,1.04,14.15,8.08,"Health Care"
457,"Kyushu Electric Power","Japan ","Utilities ",15.65,0.35,40.43,10.7,"Utilities"
458,"China Railway Group","China ","Construction ",33.03,0.2,36.55,18.05,"Industrials"
459,"Reynolds American","United States ","Food, Drink & Tobacco ",8.42,0.96,18.01,15.52,"Consumer Staples"
460,"China Pacific Insurance","China ","Insurance ",15.01,0.2,46.44,32.21,"Financials"
461,"Discover Financial Services","United States ","Diversified Financials ",7.99,1.28,46.02,7.4,"Financials"
462,"Investor","Sweden ","Diversified Financials ",4.98,4.38,23.84,13.59,"Financials"
463,"Acciona","Spain ","Construction ",9.34,1.81,29.46,6.97,"Industrials"
463,"L-3 Communications","United States ","Aerospace & Defense ",15.62,0.9,14.81,10.62,"Industrials"
465,"Omnicom Group","United States ","Media ",11.72,0.79,17.92,11.7,"Consumer Discretionary"
466,"Ping An Insurance Group","China ","Insurance ",18.98,0.04,108.31,52.8,"Financials"
467,"Al Rajhi Bank","Saudi Arabia ","Banking ",3.35,1.8,45.52,30.1,"Financials"
468,"PKO Bank Polski","Poland ","Banking ",4.51,1.05,45.36,16.08,"Financials"
469,"National Bank of Canada","Canada ","Banking ",4.96,0.94,125.88,9.55,"Financials"
470,"Gilead Sciences","United States ","Drugs & Biotechnology ",7.01,2.64,9.7,42.76,"Health Care"
471,"Bharti Airtel","India ","Telecommunications Services ",7.27,1.53,12.88,23,"Telecommunication Services"
472,"CLP Holdings","Hong Kong/China ","Utilities ",7.01,1.34,16.75,16.75,"Utilities"
473,"China Telecom","China ","Telecommunications Services ",27.42,0.13,62.39,36.69,"Telecommunication Services"
474,"EADS","Netherlands ","Aerospace & Defense ",61.44,-1.09,111.4,16.75,"Industrials"
475,"MOL","Hungary ","Oil & Gas Operations ",17.1,0.55,22.54,8.79,"Energy"
476,"Hitachi","Japan ","Technology Hardware & Equip ",102.7,-8.09,93.33,15.11,"Information Technology"
477,"OTP Bank","Hungary ","Banking ",8.37,0.75,49.3,7.71,"Financials"
478,"CSN-Cia Siderurgica","Brazil ","Materials ",5.57,1.32,16.74,25.3,"Materials"
479,"Toshiba","Japan ","Technology Hardware & Equip ",68.34,-3.53,51.64,21.24,"Information Technology"
480,"Murphy Oil","United States ","Oil & Gas Operations ",18.92,0.84,12.76,10.17,"Energy"
481,"Wm Morrison Supermarkets","United Kingdom ","Food Markets ",21.06,0.67,11.86,12.07,"Consumer Staples"
482,"Bunge","Bermuda ","Food, Drink & Tobacco ",41.93,0.36,21.29,8.67,"Consumer Staples"
483,"BlackRock","United States ","Diversified Financials ",4.7,0.88,21.38,41.14,"Financials"
484,"Suncorp-Metway","Australia ","Diversified Financials ",12.27,0.28,78.58,9.56,"Financials"
485,"Computer Sciences","United States ","Software & Services ",16,0.94,16.2,8.06,"Information Technology"
485,"Xcel Energy","United States ","Utilities ",9.64,0.68,25.49,9.63,"Utilities"
487,"Telus","Canada ","Telecommunications Services ",9.16,0.95,18.33,10.67,"Telecommunication Services"
488,"Northern Trust","United States ","Banking ",4.23,0.86,82.14,12.92,"Financials"
489,"Natixis","France ","Banking ",28.85,-3.9,769.48,14.01,"Financials"
490,"China Steel","Taiwan ","Materials ",11.71,0.73,14.08,13.45,"Materials"
491,"AmerisourceBergen","United States ","Drugs & Biotechnology ",73.76,0.54,13.56,7.93,"Health Care"
491,"TJX Cos","United States ","Retailing ",20.29,1.21,7.46,17.49,"Consumer Discretionary"
493,"CIMB Group Holdings","Malaysia ","Banking ",4.24,0.82,70.14,14.05,"Financials"
494,"China Coal Energy","China ","Materials ",7.48,1.05,12.81,22.77,"Materials"
494,"EFG Eurobank Ergasias","Greece ","Banking ",11.97,0.86,113.92,4.48,"Financials"
496,"Tokyo Gas","Japan ","Utilities ",17.05,0.43,17.39,11.95,"Utilities"
497,"VimpelCom","Russia ","Telecommunications Services ",10.12,0.52,15.73,18.63,"Telecommunication Services"
498,"KBC Group","Belgium ","Banking ",24.04,-3.54,462.66,15.39,"Financials"
499,"Fiat Group","Italy ","Consumer Durables ",71.78,-1.2,92.76,13.24,"Consumer Discretionary"
500,"Kansai Electric Power","Japan ","Utilities ",28.65,-0.09,67.34,22.45,"Utilities"
501,"Singapore Airlines","Singapore ","Transportation ",10.51,0.7,16.33,12.62,"Industrials"
502,"Steel Authority of India","India ","Materials ",8.39,1.22,10.98,19.57,"Materials"
502,"Suzuki Motor","Japan ","Consumer Durables ",30.86,0.28,20.59,11.62,"Consumer Discretionary"
504,"ThyssenKrupp Group","Germany ","Conglomerates ",59.39,-2.72,59.53,16.41,"Industrials"
505,"Abertis","Spain ","Transportation ",5.49,0.69,35.31,13.27,"Industrials"
506,"Sodexo","France ","Business Services & Supplies ",21.03,0.56,14.8,9.4,"Industrials"
507,"Sears Holdings","United States ","Retailing ",44.04,0.24,24.81,11.01,"Consumer Discretionary"
508,"RSA Insurance Group","United Kingdom ","Insurance ",12.05,0.68,32.36,6.56,"Financials"
509,"Assoc British Foods","United Kingdom ","Food, Drink & Tobacco ",15.07,0.58,14.15,11.47,"Consumer Staples"
510,"Vienna Insurance Group","Austria ","Insurance ",12.09,0.57,44.91,6.12,"Financials"
511,"Chunghwa Telecom","Taiwan ","Telecommunications Services ",6.13,1.37,14.08,18.78,"Telecommunication Services"
512,"Korea Electric Power","South Korea ","Utilities ",25.31,-2.37,68.47,20.52,"Utilities"
513,"China Vanke","China ","Diversified Financials ",6.63,0.78,20.16,14.84,"Financials"
514,"Aon","United States ","Insurance ",7.6,0.75,22.96,10.94,"Financials"
515,"AU Optronics","Taiwan ","Technology Hardware & Equip ",12.89,0.65,17.21,9.44,"Information Technology"
515,"Cheung Kong","Hong Kong/China ","Diversified Financials ",1.66,2,36.98,28.92,"Financials"
517,"Eurasian Natural Resources","United Kingdom ","Materials ",6.87,2.66,9.83,20.51,"Materials"
518,"Ingersoll-Rand","Ireland ","Conglomerates ",13.2,0.45,19.99,10.5,"Industrials"
519,"Industrial Bank of Korea","South Korea ","Banking ",7.85,0.62,114.63,6.19,"Financials"
520,"Delhaize Group","Belgium ","Food Markets ",26.5,0.65,13.47,7.81,"Consumer Staples"
521,"Nippon Yusen","Japan ","Transportation ",24.96,0.58,20.65,6.11,"Industrials"
522,"Chubu Electric Power","Japan ","Utilities ",25.78,-0.19,53.38,20.53,"Utilities"
523,"Qwest Communications","United States ","Telecommunications Services ",12.31,0.66,20.38,7.91,"Telecommunication Services"
524,"Porsche","Germany ","Consumer Durables ",81.31,-3.6,300.45,8.88,"Consumer Discretionary"
525,"Macy's","United States ","Retailing ",23.49,0.35,21.3,8.33,"Consumer Discretionary"
526,"Kao","Japan ","Household & Personal Products ",13.11,0.66,10.7,13.79,"Consumer Staples"
527,"SEB-Skand Enskilda Bank","Sweden ","Banking ",13.02,0.16,323.28,13.5,"Financials"
528,"KT","South Korea ","Telecommunications Services ",15.75,0.36,20.57,10.01,"Telecommunication Services"
529,"J Sainsbury","United Kingdom ","Food Markets ",26.9,0.41,14.38,9.37,"Consumer Staples"
530,"BAE Systems","United Kingdom ","Aerospace & Defense ",32.91,-0.11,38.58,19.99,"Industrials"
530,"Renault","France ","Consumer Durables ",47.01,-4.36,91.69,11.27,"Consumer Discretionary"
530,"West Japan Railway","Japan ","Transportation ",13.1,0.56,23.65,6.99,"Industrials"
533,"Noble Group","Hong Kong/China ","Conglomerates ",36.09,0.58,10.66,8.72,"Industrials"
534,"Türkiye Halk Bankasi","Turkey ","Banking ",5.76,1.05,33.17,8.1,"Financials"
535,"Gap","United States ","Retailing ",14.2,1.1,7.99,14.9,"Consumer Discretionary"
536,"Cepsa","Spain ","Oil & Gas Operations ",33.58,0.52,13.47,7.53,"Energy"
537,"Volvo Group","Sweden ","Consumer Durables ",30.49,-2.06,44.77,18.31,"Consumer Discretionary"
538,"Portugal Telecom","Portugal ","Telecommunications Services ",9.23,0.81,17.63,9.24,"Telecommunication Services"
539,"Air Prods & Chems","United States ","Chemicals ",8.23,0.81,12.91,14.67,"Materials"
540,"Magnitogorsk Iron & Steel","Russia ","Materials ",8.64,0.88,14.06,11.3,"Materials"
541,"ConAgra Foods","United States ","Food, Drink & Tobacco ",12.56,0.77,11.57,10.95,"Consumer Staples"
542,"Solvay","Belgium ","Chemicals ",11.83,0.72,17.11,8.12,"Materials"
543,"Richemont","Switzerland ","Retailing ",7.33,1.45,9.47,20,"Consumer Discretionary"
544,"Commerzbank","Germany ","Banking ",37.37,-6.5,1202.99,8.72,"Financials"
545,"Galp Energia","Portugal ","Oil & Gas Operations ",16.74,0.48,10.38,13.84,"Energy"
545,"HJ Heinz","United States ","Food, Drink & Tobacco ",10.31,0.85,10.07,14.54,"Consumer Staples"
547,"Yahoo","United States ","Software & Services ",6.46,0.6,14.94,22.11,"Information Technology"
548,"Larsen & Toubro","India ","Construction ",7.87,0.74,11.12,19.9,"Industrials"
549,"Pearson","United Kingdom ","Media ",8.81,0.67,15.2,11.59,"Consumer Discretionary"
550,"Hua Xia Bank","China ","Banking ",5.68,0.45,107.11,8.22,"Financials"
551,"Old Mutual","United Kingdom ","Insurance ",35.28,-0.55,263.58,9.24,"Financials"
552,"Atlantia","Italy ","Transportation ",4.81,1.02,22.13,13.11,"Industrials"
553,"Denso","Japan ","Consumer Durables ",32.28,-0.86,29.34,24.05,"Consumer Discretionary"
554,"Kyocera","Japan ","Technology Hardware & Equip ",11.59,0.3,17.82,16.2,"Information Technology"
555,"Mechel","Russia ","Materials ",9.95,1.14,12.01,9.41,"Materials"
556,"Hana Financial Group","South Korea ","Banking ",8.73,0.39,125.27,6.12,"Financials"
557,"Talisman Energy","Canada ","Oil & Gas Operations ",6.19,0.42,22.53,18.71,"Energy"
558,"Reed Elsevier","United Kingdom/Netherlands ","Media ",9.76,0.63,17.88,9.03,"Consumer Discretionary"
559,"Korea Exchange Bank","South Korea ","Banking ",5.49,0.63,85.18,7.09,"Financials"
560,"Scottish & Southern","United Kingdom ","Utilities ",36.17,0.16,25.33,15.56,"Utilities"
561,"Saudi Electricity","Saudi Arabia ","Utilities ",6.36,0.31,44.28,13.5,"Utilities"
562,"Belgacom","Belgium ","Telecommunications Services ",8.26,1.26,10.68,12.56,"Telecommunication Services"
563,"Spectra Energy","United States ","Oil & Gas Operations ",4.55,0.85,24.08,14.23,"Energy"
564,"Atlas Copco","Sweden ","Capital Goods ",8.9,0.87,9.17,17.41,"Industrials"
565,"Fairfax Financial","Canada ","Insurance ",6.64,0.86,28.4,7.45,"Financials"
566,"Hartford Finl Service","United States ","Insurance ",24.7,-0.89,307.72,9.53,"Financials"
567,"Mitsubishi Electric","Japan ","Capital Goods ",37.64,0.12,30.4,17.79,"Industrials"
568,"FedEx","United States ","Transportation ",32.59,-0.25,24.59,26.85,"Industrials"
568,"Kubota","Japan ","Capital Goods ",11.37,0.49,13.86,11.31,"Industrials"
570,"Angang Steel","China ","Materials ",11.45,0.44,13.74,12.95,"Materials"
570,"Keppel","Singapore ","Conglomerates ",8.71,1.16,12.33,9.57,"Industrials"
572,"Toyota Tsusho","Japan ","Trading Companies ",64.57,0.41,21.29,5.08,"Financials"
573,"Republic Services","United States ","Business Services & Supplies ",8.2,0.5,19.54,11.01,"Industrials"
574,"Becton, Dickinson","United States ","Health Care Equipment & Svcs ",7.36,1.24,9.09,18.62,"Health Care"
575,"Bank of New York Mellon","United States ","Banking ",8.28,-1.08,212.22,34.33,"Financials"
576,"Eaton","United States ","Capital Goods ",11.87,0.38,16.28,11.61,"Industrials"
577,"Deutsche Boerse","Germany ","Diversified Financials ",2.95,0.71,202.77,13.67,"Financials"
578,"NRG Energy","United States ","Utilities ",8.95,0.94,23.38,5.91,"Utilities"
579,"Alpha Bank Group","Greece ","Banking ",6.94,0.71,90.26,5.09,"Financials"
580,"Annaly Capital Mgmt","United States ","Diversified Financials ",2.92,1.96,69.38,10.14,"Financials"
581,"PGE Polska Grupa","Poland ","Utilities ",6.92,0.65,15.78,12.9,"Utilities"
582,"Woodside Petroleum","Australia ","Oil & Gas Operations ",3.45,1.45,17.84,30.37,"Energy"
583,"Stryker","United States ","Health Care Equipment & Svcs ",6.72,1.11,9.07,21.42,"Health Care"
584,"Fujitsu","Japan ","Technology Hardware & Equip ",48.2,-1.15,31.89,13.41,"Information Technology"
585,"Samba Financial Group","Saudi Arabia ","Banking ",2.24,1.22,49.46,13.86,"Financials"
586,"BT Group","United Kingdom ","Telecommunications Services ",30.43,-0.12,40.38,13.15,"Telecommunication Services"
587,"Sumitomo Realty & Dev","Japan ","Diversified Financials ",7.14,0.47,30.26,8.46,"Financials"
588,"EOG Resources","United States ","Oil & Gas Operations ",4.79,0.55,18.12,23.91,"Energy"
589,"Alpiq Holding","Switzerland ","Utilities ",14.31,0.65,9.85,10.02,"Utilities"
590,"Voestalpine","Austria ","Materials ",15.3,0.7,16.51,5.89,"Materials"
590,"Yara International","Norway ","Chemicals ",10.5,0.65,10.34,12.03,"Materials"
592,"Asahi Breweries","Japan ","Food, Drink & Tobacco ",10.69,0.51,15.17,9.15,"Consumer Staples"
592,"Orix","Japan ","Diversified Financials ",10.24,0.23,84.07,8.03,"Financials"
594,"Yum Brands","United States ","Hotels, Restaurants & Leisure ",10.84,1.07,7.15,15.9,"Consumer Discretionary"
595,"PPL","United States ","Utilities ",7.56,0.41,22.17,10.94,"Utilities"
595,"Sprint Nextel","United States ","Telecommunications Services ",32.26,-2.44,55.42,10.12,"Telecommunication Services"
597,"Sara Lee","United States ","Food, Drink & Tobacco ",11.64,0.81,9.93,9.57,"Consumer Staples"
598,"Bank of Beijing","China ","Banking ",2.85,0.8,61.11,14.97,"Financials"
599,"Sime Darby","Malaysia ","Conglomerates ",8.82,0.65,9.92,15.27,"Industrials"
600,"Swiss Life Holding","Switzerland ","Insurance ",17.49,0.33,126.13,4.05,"Financials"
601,"Williams Cos","United States ","Oil & Gas Operations ",8.26,0.29,25.28,12.87,"Energy"
602,"Kroger","United States ","Food Markets ",76.73,0.07,23.09,14.56,"Consumer Staples"
603,"Banco de Sabadell","Spain ","Banking ",5.09,0.75,117.85,5.6,"Financials"
604,"Nomura Holdings","Japan ","Diversified Financials ",7.39,-7.27,248.09,27.42,"Financials"
605,"QNB","Qatar ","Banking ",2.47,1.15,49.25,12.69,"Financials"
606,"Hyundai Mobis","South Korea ","Consumer Durables ",11.11,0.84,8.3,12.46,"Consumer Discretionary"
607,"CME Group","United States ","Diversified Financials ",2.61,0.83,35.65,20.03,"Financials"
608,"Valero Energy","United States ","Oil & Gas Operations ",67.27,-1.98,35.63,9.96,"Energy"
609,"DTE Energy","United States ","Utilities ",8.01,0.53,24.19,7.34,"Utilities"
609,"Türkiye Vak?flar","Turkey ","Banking ",6.25,0.81,35.48,5.93,"Financials"
611,"Nexen","Canada ","Oil & Gas Operations ",5.54,0.51,21.84,11.89,"Energy"
612,"Grupo Mexico","Mexico ","Materials ",5.02,0.9,12.01,18.97,"Materials"
613,"ITT","United States ","Conglomerates ",10.9,0.64,11.13,9.49,"Industrials"
614,"Mitsui Sumitomo Insurance Group","Japan ","Insurance ",19,0.08,73.9,10.82,"Financials"
615,"PartnerRe","Bermuda ","Insurance ",5.42,1.54,23.73,6.57,"Financials"
616,"Edison","Italy ","Utilities ",12.7,0.34,23.46,7.23,"Utilities"
616,"Quanta Computer","Taiwan ","Technology Hardware & Equip ",24.89,0.61,9.25,7.62,"Information Technology"
618,"Fujifilm Holdings","Japan ","Household & Personal Products ",25,0.11,28.05,16.27,"Consumer Staples"
619,"Citic Securities","China ","Diversified Financials ",3.3,1.07,19.96,26.94,"Financials"
620,"Usiminas","Brazil ","Materials ",5.54,0.68,14.78,14.26,"Materials"
621,"Asustek Computer","Taiwan ","Technology Hardware & Equip ",20.3,0.5,11,7.57,"Information Technology"
622,"Baker Hughes","United States ","Oil & Gas Operations ",9.66,0.42,11.44,15.07,"Energy"
622,"Potash of Saskatchewan","Canada ","Chemicals ",3.98,0.99,12.92,33.31,"Materials"
624,"Bridgestone","Japan ","Consumer Durables ",27.94,0.01,28.72,14.44,"Consumer Discretionary"
625,"Salzgitter","Germany ","Materials ",17.41,0.94,12.07,5.39,"Materials"
626,"Adidas","Germany ","Household & Personal Products ",14.87,0.35,12.14,10.83,"Consumer Staples"
627,"Delta Air Lines","United States ","Transportation ",28.06,-1.24,43.54,10.34,"Industrials"
627,"International Power","United Kingdom ","Utilities ",5.58,0.97,21.52,7.5,"Utilities"
629,"Natl Bank of Kuwait","Kuwait ","Banking ",2.45,0.92,44.97,12.97,"Financials"
630,"Alcoa","United States ","Materials ",18.44,-1.15,38.47,13.58,"Materials"
631,"Marks & Spencer","United Kingdom ","Retailing ",12.89,0.72,10.4,7.82,"Consumer Discretionary"
632,"HDFC Bank","India ","Banking ",3.85,0.44,35.98,16.83,"Financials"
632,"Lotte Shopping","South Korea ","Retailing ",10.3,0.6,13.42,7.99,"Consumer Discretionary"
634,"Mosaic","United States ","Chemicals ",6.14,0.41,12.7,26.46,"Materials"
635,"PPG Industries","United States ","Chemicals ",12.24,0.34,14.24,10.35,"Materials"
636,"Anadarko Petroleum","United States ","Oil & Gas Operations ",8.21,-0.14,50.12,34.68,"Energy"
637,"CBS","United States ","Media ",13.01,0.23,26.96,9.09,"Consumer Discretionary"
638,"Wuhan Iron & Steel","China ","Materials ",10.76,0.76,10.9,7.93,"Materials"
639,"Verbund","Austria ","Utilities ",4.86,0.9,14.83,12.51,"Utilities"
640,"Skanska","Sweden ","Construction ",19.1,0.51,11.17,6.89,"Industrials"
641,"Orkla","Norway ","Food, Drink & Tobacco ",9.7,0.45,16.39,8.16,"Consumer Staples"
642,"Fubon Financial","Taiwan ","Diversified Financials ",5.07,0.33,60.99,9.18,"Financials"
642,"PKN Orlen","Poland ","Oil & Gas Operations ",23.7,0.46,17.08,4.87,"Energy"
642,"Public Bank","Malaysia ","Banking ",2.75,0.74,63.27,11.52,"Financials"
642,"SunTrust Banks","United States ","Banking ",10.42,-1.56,174.16,11.8,"Financials"
646,"TNT","Netherlands ","Transportation ",14.33,0.39,11.03,9.63,"Industrials"
647,"Motorola","United States ","Technology Hardware & Equip ",22.04,-0.05,25.61,15.59,"Information Technology"
648,"Osaka Gas","Japan ","Utilities ",13.63,0.37,14.71,7.94,"Utilities"
649,"Sharp","Japan ","Technology Hardware & Equip ",29.24,-1.29,26.07,12.86,"Information Technology"
650,"Dongfeng Motor Group","China ","Consumer Durables ",10.36,0.59,8.64,12.7,"Consumer Discretionary"
651,"Vestas Wind Systems","Denmark ","Capital Goods ",9.51,0.83,9.08,9.89,"Industrials"
652,"Nippon Oil","Japan ","Oil & Gas Operations ",65.81,-2.58,38.44,7.95,"Energy"
653,"Royal DSM","Netherlands ","Chemicals ",10.78,0.47,13.78,8.05,"Materials"
654,"Fortis","Belgium ","Insurance ",16.56,-39.03,128.57,8.53,"Financials"
655,"MasterCard","United States ","Diversified Financials ",5.1,1.46,7.47,30.35,"Financials"
656,"Aeon","Japan ","Retailing ",53.46,-0.03,37.52,8.2,"Consumer Discretionary"
657,"Tyco International","Switzerland ","Conglomerates ",17.06,-1.77,25.6,17.46,"Industrials"
658,"FCC","Spain ","Construction ",17.71,0.43,30.47,4.02,"Industrials"
658,"Tele Norte Leste","Brazil ","Telecommunications Services ",8.17,0.5,16.73,7.99,"Telecommunication Services"
660,"SCOR","France ","Insurance ",9.33,0.53,37.42,4.49,"Financials"
661,"Peugeot Groupe","France ","Consumer Durables ",69.37,-1.66,91.19,5.97,"Consumer Discretionary"
661,"T&D Holdings","Japan ","Insurance ",22.4,-0.92,124.23,7.31,"Financials"
663,"Shanghai Electric Group","China ","Capital Goods ",8.43,0.37,11.91,14.24,"Industrials"
664,"Riyad Bank","Saudi Arabia ","Banking ",2.05,0.81,47.03,11.48,"Financials"
665,"Transneft","Russia ","Oil & Gas Operations ",9.01,2.31,31.54,1.23,"Energy"
666,"Tohoku Electric Power","Japan ","Utilities ",18.93,-0.33,39.13,10.94,"Utilities"
666,"Turk Telekom","Turkey ","Telecommunications Services ",6.82,1.18,8.97,11.25,"Telecommunication Services"
668,"CenturyTel","United States ","Telecommunications Services ",4.97,0.51,22.48,10.32,"Telecommunication Services"
669,"Franklin Resources","United States ","Diversified Financials ",4.6,1.13,9.22,23.47,"Financials"
670,"MTR","Hong Kong/China ","Transportation ",2.27,1.07,20.56,20.1,"Industrials"
671,"Asahi Glass","Japan ","Construction ",12.35,0.22,18.74,11.62,"Industrials"
672,"Swire Pacific","Hong Kong/China ","Conglomerates ",3.18,0.76,25.52,16.76,"Industrials"
673,"Norilsk Nickel","Russia ","Materials ",13.98,-0.45,20.82,30.11,"Materials"
673,"Sumitomo Trust & Banking","Japan ","Banking ",10.91,0.08,213.85,9.54,"Financials"
675,"Weatherford Intl","Switzerland ","Oil & Gas Operations ",8.83,0.25,18.69,12.25,"Energy"
676,"Nan Ya Plastic","Taiwan ","Chemicals ",9.81,0.29,12.23,15.53,"Materials"
677,"Lagardère SCA","France ","Media ",11.44,0.83,16.86,4.7,"Consumer Discretionary"
678,"Ameren","United States ","Utilities ",7.09,0.61,23.79,5.95,"Utilities"
679,"DISH Network","United States ","Media ",11.66,0.64,8.3,9.61,"Consumer Discretionary"
679,"Eisai","Japan ","Drugs & Biotechnology ",8.03,0.49,10.91,11.58,"Health Care"
681,"BanColombia","Colombia ","Banking ",4.14,0.62,30.28,9.25,"Financials"
681,"Grupo Modelo","Mexico ","Food, Drink & Tobacco ",6.27,0.66,8.92,17.42,"Consumer Staples"
683,"Turkcell","Turkey ","Telecommunications Services ",5.89,1.55,8,13.19,"Telecommunication Services"
684,"Publicis Groupe","France ","Media ",6.48,0.58,18.16,7.52,"Consumer Discretionary"
684,"Telekom Indonesia","Indonesia ","Telecommunications Services ",5.42,0.95,8.37,17.74,"Telecommunication Services"
686,"TDC","Denmark ","Telecommunications Services ",6.91,0.47,16.65,8.77,"Telecommunication Services"
687,"Fluor","United States ","Construction ",21.99,0.68,7.18,7.67,"Industrials"
688,"Continental","Germany ","Consumer Durables ",28.79,-2.36,32.02,9.01,"Consumer Discretionary"
688,"Swedbank","Sweden ","Banking ",10.23,-1.47,251.18,9.11,"Financials"
690,"Apache","United States ","Oil & Gas Operations ",8.61,-0.28,28.19,35.35,"Energy"
691,"Kingfisher","United Kingdom ","Retailing ",14.53,0.3,14.71,7.72,"Consumer Discretionary"
692,"Whirlpool","United States ","Consumer Durables ",17.1,0.33,15.09,6.43,"Consumer Discretionary"
693,"SLM","United States ","Diversified Financials ",6.14,0.32,169.99,5.31,"Financials"
694,"Marsh & McLennan","United States ","Insurance ",10.49,0.24,15.32,12.37,"Financials"
695,"Punjab National Bank","India ","Banking ",4.42,0.62,49.93,6.16,"Financials"
696,"Cummins","United States ","Capital Goods ",10.8,0.43,8.82,11.87,"Industrials"
697,"Sumitomo Electric","Japan ","Capital Goods ",21.79,0.18,18.65,9.52,"Industrials"
698,"JBS","Brazil ","Food, Drink & Tobacco ",20.19,0.07,24.37,12.18,"Consumer Staples"
699,"Bharat Heavy Electricals","India ","Capital Goods ",5.16,0.61,8.96,25.24,"Industrials"
700,"Coca-Cola HBC","Greece ","Food, Drink & Tobacco ",9.37,0.57,9.75,9.02,"Consumer Staples"
701,"CBD-Brasil Distribuição","Brazil ","Food Markets ",13.34,0.34,10.33,9.54,"Consumer Staples"
702,"Avon Products","United States ","Household & Personal Products ",10.38,0.63,6.83,13.24,"Consumer Staples"
703,"Kazakhmys","United Kingdom ","Materials ",5.15,0.91,10.68,11.28,"Materials"
704,"Barrick Gold","Canada ","Materials ",8.14,-4.27,27.08,37.61,"Materials"
705,"Cathay Financial","Taiwan ","Insurance ",6.61,0.07,113.83,15.86,"Financials"
706,"Maybank","Malaysia ","Banking ",4.63,0.2,87.98,14.7,"Financials"
706,"Michelin Group","France ","Consumer Durables ",20.65,0.15,23.67,10.36,"Consumer Discretionary"
708,"Fanuc","Japan ","Capital Goods ",3.99,1,9.83,23.39,"Industrials"
709,"Tenaga Nasional","Malaysia ","Utilities ",8.17,0.26,20.26,10.21,"Utilities"
710,"M&T Bank","United States ","Banking ",3.77,0.38,68.88,9.23,"Financials"
711,"Devon Energy","United States ","Oil & Gas Operations ",8.02,-2.43,29.69,31,"Energy"
712,"Deutsche Postbank","Germany ","Banking ",13.1,0.11,325.12,6.75,"Financials"
713,"Cemex","Mexico ","Construction ",14.54,0.1,44.51,9.3,"Industrials"
714,"GFNorte","Mexico ","Banking ",4.28,0.45,43.33,7.61,"Financials"
715,"BCP-Banco Com Português","Portugal ","Banking ",6.67,0.32,136.25,4.74,"Financials"
716,"Precision Castparts","United States ","Aerospace & Defense ",5.65,0.94,7.46,16.46,"Industrials"
717,"UBI Banca","Italy ","Banking ",11.12,0.1,168.46,7.91,"Financials"
718,"Simon Property Group","United States ","Diversified Financials ",3.78,0.31,25.95,22.73,"Financials"
719,"Samsung C&T","South Korea ","Trading Companies ",16.43,0.28,12.24,7.96,"Financials"
720,"Starbucks","United States ","Hotels, Restaurants & Leisure ",9.88,0.57,6.1,17.31,"Consumer Discretionary"
721,"Henderson Land","Hong Kong/China ","Diversified Financials ",1.09,0.71,23.55,15.04,"Financials"
722,"Wharf (Holdings)","Hong Kong/China ","Conglomerates ",2.06,0.81,21.7,14.76,"Industrials"
723,"Eiffage","France ","Construction ",19.57,0.27,36.23,3.95,"Industrials"
724,"Luxottica Group","Italy ","Household & Personal Products ",7.1,0.44,10.36,12.15,"Consumer Staples"
725,"Ricoh","Japan ","Business Services & Supplies ",21.48,0.07,24.9,10.13,"Industrials"
726,"Samsung Fire & Marine","South Korea ","Insurance ",7.24,0.43,16.73,7.54,"Financials"
727,"Hellenic Telecom","Greece ","Telecommunications Services ",8.34,0.56,15.94,5.85,"Telecommunication Services"
727,"NEC","Japan ","Technology Hardware & Equip ",43.29,-3.05,29.61,7.14,"Information Technology"
729,"Tatneft","Russia ","Oil & Gas Operations ",10.07,0.28,12.81,10.68,"Energy"
730,"Israel Corp","Israel ","Diversified Financials ",18.51,0.3,14.76,5.98,"Financials"
731,"Quest Diagnostics","United States ","Health Care Equipment & Svcs ",7.46,0.73,8.56,10.17,"Health Care"
732,"Metalurgica Gerdau","Brazil ","Materials ",13.46,0.19,26.23,7.42,"Materials"
733,"Hongkong Land","Hong Kong/China ","Diversified Financials ",1.32,1.64,19.57,10.44,"Financials"
734,"SAIC Motor","China ","Consumer Durables ",15.44,0.1,15.77,21.11,"Consumer Discretionary"
735,"Aluminum Corp of China","China ","Materials ",11.26,0,19.76,22.14,"Materials"
736,"Qatar Telecom","Qatar ","Telecommunications Services ",5.58,0.63,20.28,6.26,"Telecommunication Services"
737,"Vallourec","France ","Capital Goods ",6.41,0.74,8.85,10.76,"Industrials"
738,"Sompo Japan Insurance","Japan ","Insurance ",17.22,-0.69,57.34,6.83,"Financials"
739,"Schindler Holding","Switzerland ","Capital Goods ",12.38,0.6,6.71,9.59,"Industrials"
740,"Formosa Plastics","Taiwan ","Chemicals ",6.09,0.6,8.87,13.15,"Materials"
741,"Tata Consultancy Svcs","India ","Software & Services ",5.41,1.02,4.45,32.31,"Information Technology"
742,"Reliance Communications","India ","Telecommunications Services ",4.04,1.18,20.15,7.04,"Telecommunication Services"
743,"Samsung Heavy Industries","South Korea ","Capital Goods ",8.57,0.48,21.09,4.91,"Industrials"
744,"British Sky Broadcasting","United Kingdom ","Media ",8.83,0.43,7.5,14.51,"Consumer Discretionary"
744,"Deutsche Lufthansa","Germany ","Transportation ",31.1,-0.16,31.27,6.85,"Industrials"
746,"Emirates NBD","United Arab Emirates ","Banking ",4.73,0.91,76.66,3.65,"Financials"
747,"Agrium","Canada ","Chemicals ",9.13,0.37,9.79,10.3,"Materials"
748,"Ferrovial","Spain ","Construction ",16.87,-0.13,63.21,6.42,"Industrials"
749,"Regions Financial","United States ","Banking ",9.09,-1.03,142.32,7.93,"Financials"
750,"Siam Cement","Thailand ","Construction ",7.16,0.73,9.38,8.09,"Industrials"
751,"Beiersdorf","Germany ","Household & Personal Products ",8.23,0.54,6.51,15.64,"Consumer Staples"
752,"Peabody Energy","United States ","Materials ",6.01,0.45,9.96,12.63,"Materials"
753,"MAN","Germany ","Capital Goods ",17.23,-0.39,21.55,10.65,"Industrials"
754,"Antarchile","Chile ","Diversified Financials ",10.38,0.29,12.21,8.73,"Financials"
755,"Banque Nat de Belgique","Belgium ","Banking ",5.59,0.62,212.96,1.86,"Financials"
756,"Daikin Industries","Japan ","Construction ",12.35,0.22,11.12,11.33,"Industrials"
757,"Biogen Idec","United States ","Drugs & Biotechnology ",4.38,0.97,8.55,15.31,"Health Care"
758,"Alcatel-Lucent","France ","Technology Hardware & Equip ",21.14,-0.73,34.18,7.03,"Information Technology"
759,"CA","United States ","Software & Services ",4.29,0.74,11.39,11.87,"Information Technology"
760,"KazMunaiGas Exploration","Kazakhstan ","Oil & Gas Operations ",4.43,1.99,8.42,10.91,"Energy"
761,"Western Digital","United States ","Technology Hardware & Equip ",8.35,0.96,6.59,9.26,"Information Technology"
762,"American Intl Group","United States ","Insurance ",96,-10.95,847.59,3.48,"Financials"
762,"Lincoln National","United States ","Insurance ",8.5,-0.48,177.43,7.74,"Financials"
764,"Chesapeake Energy","United States ","Oil & Gas Operations ",7.7,-5.83,29.91,17.29,"Energy"
764,"Hyundai Steel","South Korea ","Materials ",9.02,0.66,9.69,6.5,"Materials"
766,"Investec","United Kingdom/South Africa ","Diversified Financials ",5.01,0.42,52.99,4.96,"Financials"
767,"Arab Bank","Jordan ","Banking ",2.26,0.53,50.51,8.36,"Financials"
767,"Siam Commercial Bank","Thailand ","Banking ",2.43,0.62,38.81,8.62,"Financials"
769,"Mitsubishi Chemical","Japan ","Chemicals ",29.88,-0.69,27.01,6.86,"Materials"
770,"Bâloise Group","Switzerland ","Insurance ",7.64,0.34,57.21,4.05,"Financials"
770,"National Bank of Abu Dhabi","United Arab Emirates ","Banking ",2.41,0.82,53.58,6.48,"Financials"
770,"Sistema JSFC","Russia ","Telecommunications Services ",16.04,0.06,28.98,8.33,"Telecommunication Services"
773,"CapitaLand","Singapore ","Diversified Financials ",2.1,0.75,21.49,11.54,"Financials"
773,"Genworth Financial","United States ","Insurance ",9.07,-0.46,108.19,7.77,"Financials"
775,"Safeway","United States ","Food Markets ",40.85,-1.1,14.96,9.7,"Consumer Staples"
776,"Banque Saudi Fransi","Saudi Arabia ","Banking ",1.45,0.66,32.15,9.04,"Financials"
777,"Saudi British Bank","Saudi Arabia ","Banking ",2.04,0.54,35.08,9.5,"Financials"
778,"JC Penney","United States ","Retailing ",17.56,0.25,12.58,6.59,"Consumer Discretionary"
779,"CenterPoint Energy","United States ","Utilities ",8.28,0.37,19.77,5.34,"Utilities"
780,"Li & Fung","Hong Kong/China ","Trading Companies ",14.29,0.31,4.83,18.16,"Financials"
781,"Hanwha","South Korea ","Trading Companies ",21.85,0.24,55.26,2.77,"Financials"
782,"Cemig","Brazil ","Utilities ",4.75,0.82,10.44,9.25,"Utilities"
783,"HDFC-Housing Devel","India ","Diversified Financials ",2.28,0.45,22.84,15.5,"Financials"
784,"Campbell Soup","United States ","Food, Drink & Tobacco ",7.57,0.81,6.15,11.44,"Consumer Staples"
785,"Shinsegae","South Korea ","Retailing ",8.86,0.46,8.59,8.62,"Consumer Discretionary"
786,"Hochtief","Germany ","Construction ",26.61,0.24,16.53,4.75,"Industrials"
786,"Liberty Media-Interactive","United States ","Retailing ",8.31,0.26,17.34,7.73,"Consumer Discretionary"
788,"RTL Group","Luxembourg ","Media ",8.01,0.27,11.73,11.09,"Consumer Discretionary"
789,"K+S","Germany ","Chemicals ",6.68,1.21,4.76,11.76,"Materials"
790,"Electrolux Group","Sweden ","Consumer Durables ",15.24,0.36,9.8,6.09,"Consumer Discretionary"
791,"Dollar General","United States ","Retailing ",11.46,0.33,9.13,8.2,"Consumer Discretionary"
791,"Inbursa","Mexico ","Banking ",2.1,0.62,22.07,11.47,"Financials"
793,"Swatch Group","Switzerland ","Household & Personal Products ",4.96,0.73,7.45,15.43,"Consumer Staples"
794,"Sacyr Vallehermoso","Spain ","Construction ",8.17,0.71,29.17,2.51,"Industrials"
794,"Thales","France ","Aerospace & Defense ",17.96,-0.28,25.81,7.67,"Industrials"
796,"Bank Central Asia","Indonesia ","Banking ",2.07,0.52,22.46,12.65,"Financials"
796,"Bank Mandiri","Indonesia ","Banking ",2.85,0.47,32.32,10.03,"Financials"
798,"Toyota Industries","Japan ","Consumer Durables ",16.27,-0.34,23.45,8.61,"Consumer Discretionary"
799,"PICC Property & Casualty","China ","Insurance ",12.99,0.01,22.4,10.29,"Financials"
800,"Fast Retailing","Japan ","Retailing ",7.36,0.54,4.96,18.06,"Consumer Discretionary"
800,"Hudson City Bancorp","United States ","Banking ",2.98,0.53,60.27,6.97,"Financials"
802,"Kühne & Nagel Intl","Switzerland ","Transportation ",13.24,0.43,5.73,10.98,"Industrials"
803,"First Gulf Bank","United Arab Emirates ","Banking ",2.25,0.9,34.16,6.54,"Financials"
804,"Huaneng Power Intl","China ","Utilities ",9.9,-0.58,24.27,11.69,"Utilities"
805,"A2A","Italy ","Utilities ",8.31,0.44,15.06,5.3,"Utilities"
806,"Goodrich","United States ","Aerospace & Defense ",6.69,0.6,8.74,8.42,"Industrials"
807,"Infosys Technologies","India ","Software & Services ",4.22,1.17,4.34,32.2,"Information Technology"
808,"Dassault Aviation","France ","Aerospace & Defense ",5.22,0.52,13.54,7.4,"Industrials"
809,"Parker-Hannifin","United States ","Capital Goods ",9.15,0.28,9.79,9.92,"Industrials"
810,"Acer","Taiwan ","Technology Hardware & Equip ",16.61,0.36,7.41,7.6,"Information Technology"
810,"Shoppers Drug Mart","Canada ","Retailing ",9.53,0.56,6.54,9.28,"Consumer Discretionary"
812,"Seagate Technology","Cayman Islands ","Technology Hardware & Equip ",10.19,0.36,7.39,10.66,"Information Technology"
813,"Kuwait Finance House","Kuwait ","Banking ",2.65,0.41,39.33,9.28,"Financials"
814,"Yamada Denki","Japan ","Retailing ",19.22,0.34,7.81,6.69,"Consumer Discretionary"
815,"Liberty Global","United States ","Media ",11.08,-0.41,39.9,7.37,"Consumer Discretionary"
816,"Seadrill","Bermuda ","Oil & Gas Operations ",3.25,1.26,13.83,9.29,"Energy"
817,"UCB","Belgium ","Drugs & Biotechnology ",4.35,0.72,13.29,7.91,"Health Care"
818,"Genzyme","United States ","Drugs & Biotechnology ",4.52,0.42,10.06,15.63,"Health Care"
819,"UPM-Kymmene","Finland ","Materials ",11.06,0.24,19.11,5.63,"Materials"
820,"Allergan","United States ","Drugs & Biotechnology ",4.5,0.62,7.54,18.33,"Health Care"
821,"Daqin Railway","China ","Transportation ",3.22,0.98,9.14,18.63,"Industrials"
822,"Canadian Pacific Railway","Canada ","Transportation ",4.1,0.58,14.82,8.4,"Industrials"
823,"Piraeus Bank","Greece ","Banking ",6.21,0.44,75.95,2.9,"Financials"
823,"Sanlam","South Africa ","Insurance ",4.95,0.27,34.04,6.86,"Financials"
823,"Western Union","United States ","Diversified Financials ",5.08,0.85,7.35,10.98,"Financials"
826,"Wipro","India ","Software & Services ",5,0.76,5.49,21.53,"Information Technology"
827,"Symantec","United States ","Software & Services ",5.92,0.27,10.95,13.45,"Information Technology"
828,"Assurant","United States ","Insurance ",8.7,0.43,25.84,3.57,"Financials"
829,"Grupo Aval","Colombia ","Diversified Financials ",4.85,0.34,28.31,6.19,"Financials"
830,"Freddie Mac","United States ","Diversified Financials ",37.61,-21.55,841.78,0.75,"Financials"
831,"Arab National Bank","Saudi Arabia ","Banking ",1.41,0.63,29.41,7.57,"Financials"
832,"Mediaset","Italy ","Media ",5.85,0.64,8.2,9.09,"Consumer Discretionary"
832,"Rakuten","Japan ","Business Services & Supplies ",3.21,0.58,18.62,10.04,"Industrials"
834,"Falabella","Chile ","Retailing ",6.33,0.36,8.15,13.59,"Consumer Discretionary"
835,"Capgemini","France ","Software & Services ",11.99,0.26,11.11,7.13,"Information Technology"
835,"Formosa Chems & Fibre","Taiwan ","Chemicals ",8.84,0.19,12.33,12.92,"Materials"
837,"Noble","Switzerland ","Oil & Gas Operations ",3.64,1.68,8.4,11.13,"Energy"
838,"Boston Scientific","United States ","Health Care Equipment & Svcs ",8.19,-1.03,25.18,11.74,"Health Care"
839,"Aisin Seiki","Japan ","Consumer Durables ",22.74,-0.26,17.22,7.74,"Consumer Discretionary"
840,"Landesbank Berlin","Germany ","Banking ",10.52,0.02,200.8,5.05,"Financials"
841,"Grupo Bimbo","Mexico ","Food, Drink & Tobacco ",8.64,0.44,7.41,8.81,"Consumer Staples"
842,"Chugoku Electric Power","Japan ","Utilities ",12.05,-0.24,27.73,7.7,"Utilities"
843,"Bank Rakyat Indonesia","Indonesia ","Banking ",2.74,0.53,22.39,9.49,"Financials"
844,"Mediobanca","Italy ","Diversified Financials ",5.74,0,102.89,8.74,"Financials"
845,"TD Ameritrade Holding","United States ","Diversified Financials ",2.43,0.6,18.45,10.26,"Financials"
846,"Sumitomo Chemical","Japan ","Chemicals ",18.37,-0.61,20.34,7.32,"Materials"
847,"Everest Re Group","Bermuda ","Insurance ",4.5,0.81,18,5.07,"Financials"
848,"McGraw-Hill Cos","United States ","Media ",5.95,0.73,6.48,10.83,"Consumer Discretionary"
849,"Fannie Mae","United States ","Diversified Financials ",29.07,-71.97,869.14,1.1,"Financials"
850,"Technip","France ","Oil & Gas Operations ",9.25,0.24,11.92,7.82,"Energy"
851,"China Overseas Land & Inv","Hong Kong/China ","Diversified Financials ",2.44,0.65,10.98,17.32,"Financials"
852,"Tyco Electronics","Switzerland ","Technology Hardware & Equip ",10.44,-3.05,16.28,12.12,"Information Technology"
853,"Dai Nippon Printing","Japan ","Media ",16.28,-0.21,15.05,9.17,"Consumer Discretionary"
854,"Ternium","Luxembourg ","Materials ",4.96,0.72,10.29,6.91,"Materials"
855,"CAM Group","Spain ","Banking ",7.31,0.28,108.25,0.38,"Financials"
856,"Kone","Finland ","Construction ",6.8,0.67,5.07,10.72,"Industrials"
857,"China Resources Ent","Hong Kong/China ","Conglomerates ",8.34,0.3,8.99,8.64,"Industrials"
858,"Axis Bank","India ","Banking ",2.68,0.35,29.02,9.85,"Financials"
858,"Kobe Steel","Japan ","Materials ",22.36,-0.32,23.02,5.72,"Materials"
860,"Accor","France ","Hotels, Restaurants & Leisure ",9.72,-0.39,16.83,11.64,"Consumer Discretionary"
861,"Dr Pepper Snapple Group","United States ","Food, Drink & Tobacco ",5.53,0.56,8.78,7.92,"Consumer Staples"
862,"St Jude Medical","United States ","Health Care Equipment & Svcs ",4.68,0.78,6.43,12.98,"Health Care"
863,"Hannover Re","Germany ","Insurance ",11.22,-0.18,48.89,5.39,"Financials"
864,"CPFL Energia","Brazil ","Utilities ",5.36,0.65,7.02,10.16,"Utilities"
865,"Bank of East Asia","Hong Kong/China ","Banking ",2.09,0.33,55.94,7.4,"Financials"
866,"Haitong Securities","China ","Diversified Financials ",1.16,0.48,10.95,20.71,"Financials"
867,"Bed Bath & Beyond","United States ","Retailing ",7.51,0.52,4.93,10.94,"Consumer Discretionary"
868,"TUI","Germany ","Hotels, Restaurants & Leisure ",24.22,0.26,19.8,2.52,"Consumer Discretionary"
869,"Oneok","United States ","Utilities ",11.11,0.31,12.83,4.8,"Utilities"
870,"Public Storage","United States ","Diversified Financials ",1.63,0.83,9.81,14.35,"Financials"
871,"Shikoku Electric Power","Japan ","Utilities ",6.52,0.3,13.9,6.81,"Utilities"
872,"Goldcorp","Canada ","Materials ",2.72,0.24,20.95,28.02,"Materials"
872,"SK C&C","South Korea ","Conglomerates ",71.65,0.12,56.66,2.52,"Industrials"
874,"Nucor","United States ","Materials ",11.19,-0.29,12.57,13.34,"Materials"
875,"Air France-KLM","France ","Transportation ",31.54,-1.07,37.13,3.97,"Industrials"
876,"New York Community","United States ","Banking ",1.82,0.41,42.17,6.77,"Financials"
877,"Adecco","Switzerland ","Business Services & Supplies ",21.59,0.01,11.24,9.43,"Industrials"
878,"SAIC","United States ","Aerospace & Defense ",10.68,0.49,5.41,7.72,"Industrials"
879,"Zimmer Holdings","United States ","Health Care Equipment & Svcs ",4.1,0.72,7.79,11.81,"Health Care"
880,"Nordstrom","United States ","Retailing ",8.63,0.44,6.58,8.18,"Consumer Discretionary"
881,"Kasikornbank","Thailand ","Banking ",2.51,0.45,40.75,6.26,"Financials"
881,"Sojitz","Japan ","Trading Companies ",53.06,0.2,22.77,2.2,"Financials"
883,"Limited Brands","United States ","Retailing ",8.63,0.45,7.17,7.26,"Consumer Discretionary"
883,"Reinsurance Group of America","United States ","Insurance ",7.07,0.41,25.25,3.53,"Financials"
885,"Daiichi Sankyo","Japan ","Drugs & Biotechnology ",8.65,-2.21,14.2,14.32,"Health Care"
886,"Hankyu Hanshin","Japan ","Transportation ",7.02,0.21,23.31,6.06,"Industrials"
887,"Poly Real Estate Group","China ","Diversified Financials ",3.37,0.52,13.15,10.22,"Financials"
888,"Attijariwafa Bank","Morocco ","Banking ",2.8,0.5,36.7,5.96,"Financials"
889,"Cameron International","United States ","Oil & Gas Operations ",5.22,0.48,7.73,10.15,"Energy"
890,"Air China","China ","Transportation ",7.42,-1.36,14.49,17.22,"Industrials"
891,"Wolseley","United Kingdom ","Trading Companies ",24.15,-1.96,14.62,6.74,"Financials"
892,"Bank of Baroda","India ","Banking ",3.58,0.46,45.78,4.61,"Financials"
893,"Secom","Japan ","Business Services & Supplies ",6.97,0.22,10.79,10.65,"Industrials"
894,"Estee Lauder Cos","United States ","Household & Personal Products ",7.48,0.41,5.71,12.24,"Consumer Staples"
895,"All Nippon Airways","Japan ","Transportation ",14.3,-0.04,17,7.54,"Industrials"
896,"Grupo Televisa","Mexico ","Media ",4.01,0.46,9.69,11.34,"Consumer Discretionary"
896,"Sandvik","Sweden ","Capital Goods ",10.05,-0.37,12.83,12.91,"Industrials"
898,"Industries of Qatar","Qatar ","Chemicals ",2.65,1.34,7.45,15.84,"Materials"
899,"Hongkong Electric","Hong Kong/China ","Utilities ",1.34,0.86,9.67,12.21,"Utilities"
900,"Banco Popolare","Italy ","Banking ",11.64,-0.46,166.15,3.94,"Financials"
901,"OPAP","Greece ","Hotels, Restaurants & Leisure ",7.69,1.01,1.92,6.51,"Consumer Discretionary"
902,"Bank of India","India ","Banking ",3.79,0.6,44.62,3.8,"Financials"
903,"Antofagasta","United Kingdom ","Materials ",2.61,1.32,7.91,13.49,"Materials"
904,"Axiata Group","Malaysia ","Telecommunications Services ",3.83,0.48,10.8,9.71,"Telecommunication Services"
905,"Korea Gas","South Korea ","Utilities ",18.78,0.26,17.49,3.36,"Utilities"
906,"Daiwa House Industry","Japan ","Construction ",17.37,0.04,17.27,6.38,"Industrials"
907,"MISC","Malaysia ","Transportation ",4.33,0.39,10.08,10.66,"Industrials"
908,"AutoZone","United States ","Retailing ",6.99,0.68,5.42,8.22,"Consumer Discretionary"
908,"Toray Industries","Japan ","Household & Personal Products ",15.11,-0.17,14.94,7.62,"Consumer Staples"
910,"Julius Baer Group","Switzerland ","Banking ",1.82,0.38,41.33,6.44,"Financials"
910,"Nippon Mining","Japan ","Oil & Gas Operations ",41.75,-0.42,18.5,4.72,"Energy"
912,"VF","United States ","Household & Personal Products ",7.22,0.46,6.49,8.65,"Consumer Staples"
913,"Chinatrust Financial","Taiwan ","Banking ",2.79,0.45,52.47,5.28,"Financials"
914,"Nidec","Japan ","Capital Goods ",6.3,0.29,7,14.38,"Industrials"
915,"Impala Platinum Holdings","South Africa ","Materials ",3.38,0.78,7.47,15.4,"Materials"
916,"Nikon","Japan ","Technology Hardware & Equip ",9.03,0.29,7.36,8.77,"Information Technology"
917,"Yamato Holdings","Japan ","Transportation ",12.86,0.26,8.65,6.19,"Industrials"
918,"Paccar","United States ","Capital Goods ",8.09,0.11,14.57,13.12,"Industrials"
919,"Braskem","Brazil ","Chemicals ",8.75,0.53,12.68,3.58,"Materials"
920,"China Yangtze Power","China ","Utilities ",1.29,0.58,8.45,21.17,"Utilities"
921,"Mitsubishi Motors","Japan ","Consumer Durables ",20.27,-0.56,11.44,7.99,"Consumer Discretionary"
922,"Cablevision","United States ","Media ",7.77,0.29,9.33,7.4,"Consumer Discretionary"
923,"DLF","India ","Diversified Financials ",1.95,0.87,9.64,10.94,"Financials"
923,"Vedanta Resources","United Kingdom ","Materials ",5.49,0.18,16.29,10.69,"Materials"
925,"Cencosud","Chile ","Food Markets ",10.49,0.19,9.84,8.75,"Consumer Staples"
925,"Consol Energy","United States ","Materials ",4.62,0.54,7.73,9.47,"Materials"
925,"CSL","Australia ","Drugs & Biotechnology ",3.73,0.92,5.77,17.44,"Health Care"
928,"Daiwa Securities","Japan ","Diversified Financials ",4.25,-0.87,143.43,8.61,"Financials"
928,"Tata Motors","India ","Consumer Durables ",13.61,-0.49,14.29,7.93,"Consumer Discretionary"
930,"BM&F Bovespa","Brazil ","Diversified Financials ",0.76,0.45,12.17,13.17,"Financials"
930,"Jiangxi Copper","China ","Materials ",7.88,0.34,5.01,12.22,"Materials"
930,"Shenzhen Develop Bank","China ","Banking ",4.18,0.09,69.27,10.21,"Financials"
933,"KeyCorp","United States ","Banking ",5.83,-1.34,93.29,6.12,"Financials"
934,"Enka","Turkey ","Construction ",5.87,0.5,7.63,7.29,"Industrials"
935,"Southwest Airlines","United States ","Transportation ",10.35,0.1,14.27,9.45,"Industrials"
936,"Discovery Communications","United States ","Media ",3.52,0.56,10.97,8.76,"Consumer Discretionary"
937,"Datang Intl Power","China ","Utilities ",5.41,0.11,22.96,12.18,"Utilities"
938,"Synthes","Switzerland ","Health Care Equipment & Svcs ",3.54,0.86,6.57,14.16,"Health Care"
939,"Asahi Kasei","Japan ","Chemicals ",15.95,0.05,13.67,7.31,"Materials"
940,"Toppan Printing","Japan ","Media ",16.61,-0.08,16.9,6.05,"Consumer Discretionary"
941,"ERG","Italy ","Oil & Gas Operations ",16.01,0.9,7.37,1.87,"Energy"
942,"Orascom Construction Inds","Egypt ","Construction ",3.73,0.99,7.8,8.97,"Industrials"
942,"Redecard","Brazil ","Business Services & Supplies ",1.39,0.8,10.01,10.2,"Industrials"
944,"Essilor International","France ","Health Care Equipment & Svcs ",4.68,0.56,5.9,13.22,"Health Care"
945,"Westfield Group","Australia ","Diversified Financials ",3.21,-0.41,42.35,25.12,"Financials"
946,"NMDC","India ","Materials ",1.47,0.85,3.32,37.12,"Materials"
947,"US Steel","United States ","Materials ",11.05,-1.4,15.42,7.83,"Materials"
948,"Orica","Australia ","Chemicals ",6.55,0.48,6.27,8.1,"Materials"
949,"Suning Appliance","China ","Retailing ",7.31,0.32,3.15,12.42,"Consumer Discretionary"
950,"ZTE","China ","Technology Hardware & Equip ",6.5,0.24,7.6,12.7,"Information Technology"
951,"Bank of Ireland","Ireland ","Banking ",12.82,0.09,256.98,1.54,"Financials"
952,"Finatis","France ","Food Markets ",41.02,-0.14,34.97,0.5,"Consumer Staples"
953,"BRF-Brasil Foods","Brazil ","Food, Drink & Tobacco ",8.07,0.06,14.76,10.75,"Consumer Staples"
953,"Grupo Carso","Mexico ","Conglomerates ",5.06,0.49,7.48,8.17,"Industrials"
955,"Sekisui House","Japan ","Construction ",14.98,-0.32,14.74,6.59,"Industrials"
956,"Dover","United States ","Conglomerates ",5.78,0.36,7.88,8.57,"Industrials"
957,"Compal Electronics","Taiwan ","Technology Hardware & Equip ",14.55,0.38,5.95,5.81,"Information Technology"
957,"S-Oil","South Korea ","Oil & Gas Operations ",18.53,0.36,6.12,5.28,"Energy"
959,"Norsk Hydro","Norway ","Materials ",11.63,0.05,13.43,8.2,"Materials"
960,"XL Capital","Bermuda ","Insurance ",6.19,0.07,45.58,6.36,"Financials"
961,"Credicorp","Peru ","Banking ",2.1,0.49,22.15,6.35,"Financials"
961,"SES","Luxembourg ","Media ",2.44,0.68,10.58,9.5,"Consumer Discretionary"
963,"AGL Energy","Australia ","Utilities ",4.76,1.29,7.3,5.91,"Utilities"
964,"Electric Power Devel","Japan ","Utilities ",7.24,0.2,19.71,5.53,"Utilities"
965,"LeGrand","France ","Capital Goods ",5.13,0.42,7.94,8.48,"Industrials"
965,"SNS Reaal","Netherlands ","Banking ",13.01,0.03,184.22,1.33,"Financials"
967,"Pgnig Group","Poland ","Oil & Gas Operations ",6.19,0.29,9.87,7.13,"Energy"
968,"Sumitomo Metal Mining","Japan ","Materials ",8.15,0.23,8.89,8.3,"Materials"
969,"Bidvest Group","South Africa ","Conglomerates ",14.55,0.36,4.93,6.05,"Industrials"
970,"Allied Irish Banks","Ireland ","Banking ",12.13,-3.46,249.26,1.24,"Financials"
971,"Tyson Foods","United States ","Food, Drink & Tobacco ",26.82,-0.27,10.85,6.47,"Consumer Staples"
972,"Mazda Motor","Japan ","Consumer Durables ",26.04,-0.73,17.5,4.66,"Consumer Discretionary"
973,"Yanzhou Coal Mining","China ","Materials ",3.66,0.95,4.73,13.29,"Materials"
974,"Wheelock & Co","Hong Kong/China ","Diversified Financials ",2.91,0.44,25.51,5.98,"Financials"
975,"Equity Residential","United States ","Diversified Financials ",1.94,0.36,15.42,10.18,"Financials"
976,"Tokyu","Japan ","Transportation ",13.39,0.11,20.27,5.39,"Industrials"
977,"Colruyt","Belgium ","Food Markets ",8.3,0.4,3.12,7.94,"Consumer Staples"
977,"Kintetsu","Japan ","Transportation ",9.94,0.17,18.69,5.34,"Industrials"
979,"Fortune Brands","United States ","Consumer Durables ",6.21,0.24,12.37,6.68,"Consumer Discretionary"
980,"Fibria Celulose","Brazil ","Materials ",3.44,0.32,16.25,8.72,"Materials"
981,"Cathay Pacific Airways","Hong Kong/China ","Transportation ",11.17,-1.1,14.8,7.35,"Industrials"
982,"Fondiaria-SAI","Italy ","Insurance ",17.48,0.12,56.55,2.2,"Financials"
982,"Molson Coors Brewing","United States ","Food, Drink & Tobacco ",3.03,0.72,12.02,7.62,"Consumer Staples"
984,"Banca Carige","Italy ","Banking ",3.9,0.29,44.07,4.61,"Financials"
985,"GAIL (India)","India ","Utilities ",4.8,0.55,5.79,10.98,"Utilities"
986,"Orascom Telecom","Egypt ","Telecommunications Services ",5.33,0.43,9.69,5.86,"Telecommunication Services"
987,"Mobily","Saudi Arabia ","Telecommunications Services ",3.48,0.8,8.25,8.59,"Telecommunication Services"
988,"Celgene","United States ","Drugs & Biotechnology ",2.69,0.78,5.39,28.18,"Health Care"
988,"Clorox","United States ","Household & Personal Products ",5.5,0.59,4.49,8.63,"Consumer Staples"
990,"Domtar","Canada ","Materials ",5.47,0.31,6.52,12.9,"Materials"
991,"Flextronics Intl","Singapore ","Technology Hardware & Equip ",29.28,-5.76,11.3,5.82,"Information Technology"
992,"Magna International","Canada ","Consumer Durables ",17.37,-0.49,12.3,6.4,"Consumer Discretionary"
993,"CH Robinson Worldwide","United States ","Transportation ",7.58,0.36,1.83,8.98,"Industrials"
994,"IntercontinentalExchange","United States ","Diversified Financials ",0.99,0.32,21.88,7.96,"Financials"
995,"Ecolab","United States ","Chemicals ",5.9,0.42,5.02,10.01,"Materials"
995,"Genuine Parts","United States ","Consumer Durables ",10.06,0.4,5,6.48,"Consumer Discretionary"
997,"DaVita","United States ","Health Care Equipment & Svcs ",6.11,0.42,7.56,6.51,"Health Care"
998,"Dentsu","Japan ","Media ",19.38,-0.21,10.7,6.6,"Consumer Discretionary"
998,"Shanxi Taigang Stainless","China ","Materials ",12.19,0.18,9.54,6.56,"Materials"
1000,"Lorillard","United States ","Food, Drink & Tobacco ",3.69,0.95,2.58,11.26,"Consumer Staples"
